sku;price;available_stock
D-196690;70.24;50
D-205457;22.31;2
D-210489;34.70;12
D-211730;20.65;0
D-213749;21.48;0
D-214799;9.91;50
D-220243;28.92;4
D-221981;14.87;3
D-221989;13.21;15
D-221993;19.83;18
D-222056;12.36;50
D-222057;14.01;50
D-222058;16.49;50
D-222059;19.79;50
D-222060;23.93;50
D-225056;19.00;0
D-228490;34.70;30
D-228491;34.70;11
D-229815;1.64;50
D-235843;45.45;1
D-240554;37.98;23
D-243051;36.36;14
D-243052;35.53;17
D32-149121;12.39;0
RD173;752.06;0
RD 234;28.09;15
RD250-21;30.57;14
RD401;115.69;7
RD503;41.31;39
RD519;74.37;11
RD521;19.83;25
RD524;64.45;16
RD525;105.78;17
RD612-21;132.22;7
D-225279;61.15;3
D-227149;20.65;40
D-227300;37.15;50
D-227440;24.75;50
D-231926;22.27;9
D-231927;22.27;50
D-231928;23.10;50
D-231929;23.10;50
D-233384;18.14;50
D-236636;49.58;2
D-236637;61.98;8
D-236640;135.53;6
PD3461-23;27.26;12
PD3466-23;35.53;29
D-213898;66.11;22
D-245122;41.28;50
D-242101;16.49;50
D-242102;16.49;0
D-242103;16.49;50
D-242104;16.49;47
D-242105;16.49;0
D-242106;16.49;50
D-244435;16.52;50
D-244436;16.52;50
PD2146-23;48.75;6
PD2153-23;39.66;24
PD2181-00;54.54;8
D-216240;17.35;11
D-219256;9.08;15
D-221760;19.00;28
D-223927;29.74;1
D-223928;29.74;2
D-231903;16.49;50
D-232488;22.27;0
D-237594;28.06;0
D-237595;28.06;0
D-237598;37.98;0
D-237599;37.98;0
D-239462;52.06;50
D-239463;33.05;39
D-239464;53.71;0
D-239465;33.05;50
D-239466;64.45;19
D-239467;64.45;50
D-239468;33.05;0
D-239469;31.40;50
D-239470;48.75;35
D-239471;41.31;50
D-239472;37.18;50
D-239473;37.18;0
D-239474;50.41;50
D-239475;53.71;50
D-239476;53.71;50
D-239477;33.05;37
D-239478;48.75;50
D-239479;55.36;30
D-239480;49.58;50
D-239481;34.70;50
D-239482;49.58;50
D-239483;34.70;0
D-239484;59.50;50
D-239485;52.06;50
D-241536;61.98;48
D-241720;39.67;50
D-241721;34.70;50
D-241722;19.83;50
D-241723;21.48;50
D-241724;38.83;50
D-241725;24.79;50
D-241726;21.48;0
D-241727;18.10;50
D-241728;55.36;50
D-241729;52.06;41
D-242485;22.31;0
D-243351;24.79;50
D-243352;45.45;50
D-243353;38.83;50
D-243354;32.22;50
D-243355;32.22;50
D-243356;32.22;50
D-243357;33.02;0
D-243358;34.70;50
D-243359;32.22;50
D-243360;21.48;50
D-243361;24.79;50
D-243362;33.05;50
D-243363;33.05;50
D-243364;23.96;30
D-243365;51.23;50
D-243366;43.79;1
D-243367;43.79;50
D-243368;24.79;50
D-243656;59.50;0
D-244565;49.58;21
D-244566;49.58;2
D-245877;28.92;14
D-245882;24.79;13
D-219487;20.65;0
D-230524;20.65;29
D-218006;20.62;1
D-219179;30.54;0
D-222118;35.53;4
D-222119;48.75;0
D-222122;48.75;0
D-222123;46.27;0
D-222124;31.40;0
D-223933;32.22;0
D-223947;18.17;0
D-233149;46.27;0
D-237020;66.11;3
D-243810;35.53;4
D-244382;28.92;5
D-244499;38.01;10
D-244500;38.01;10
D-244508;72.72;5
D-244514;48.75;2
D-245219;61.98;10
PD2173-00;29.74;5
PD4432-00;41.31;21
D-221237;10.74;23
D-225054;23.13;1
D-223948;32.22;13
D-233037;42.14;5
D-233040;45.45;0
D-233042;45.45;0
D-234815;33.05;0
D-234816;32.22;0
D-234817;32.22;0
D-234818;32.22;0
D-234819;32.22;13
D-234820;42.14;11
D-234821;42.14;0
D-234822;41.31;3
D-234823;41.31;0
D-234824;29.74;26
D-234825;28.92;11
D-244838;28.88;50
D-244839;28.88;50
D-244840;28.88;50
D-244841;28.88;50
D-244842;28.88;50
D-244843;32.19;50
D-245527;23.96;0
D-245528;23.96;1
D-245529;31.40;0
D-245530;24.79;0
D-245531;41.31;0
D-245532;95.03;0
D-245533;20.65;3
RD 300;319.00;4
RD 301;319.00;1
RD 304;319.00;0
RD 362;95.86;0
D-234826;1652.88;1
D-234827;1652.88;1
D-234828;1652.88;1
D-236607;309.08;4
D-244133;570.24;5
D-245118;154.96;50
D-245534;578.50;1
D-245535;413.21;1
D-245538;386.77;1
D-245540;252.88;2
D-245541;154.54;0
RD173-23;752.06;0
RD 175;442.97;5
RD 17523;442.97;2
RD 177;1768.59;2
RD 185;619.83;1
RD340;2829.74;3
RD341;2829.74;2
RD342;2829.74;4
RD344;2829.74;3
D-194044;14.01;50
D-194048;9.08;50
D-194528;18.14;50
D-195378;23.93;9
D-199141;43.76;10
D-199971;21.45;0
D-210286;9.08;25
D-211803;9.08;50
D-216235;21.48;0
D-216236;22.31;17
D-216239;21.48;1
D-216241;17.35;0
D-216249;8.26;0
D-218774;18.14;50
D-218776;18.14;8
D-218806;21.45;0
D-219164;21.45;50
D-219381;26.44;50
D-219645;21.45;1
D-221729;20.65;7
D-221761;19.79;3
D-221858;24.79;3
D-221930;22.31;0
D-222808;21.45;4
D-222812;26.44;44
D-222822;32.19;0
D-222824;32.19;10
D-222830;45.41;0
D-222831;44.59;2
D-222833;47.07;1
D-222907;22.31;0
D-222908;22.31;0
D-222909;23.13;2
D-222911;25.61;1
D-222912;25.61;0
D-222913;28.09;2
D-222914;28.09;2
D-222915;28.92;2
D-222916;28.92;1
D-222917;28.09;1
D-222918;28.09;1
D-222919;30.57;1
D-222920;30.57;2
D-222921;34.70;0
D-222922;34.70;1
D-222923;30.57;0
D-222924;30.57;0
D-222925;31.40;0
D-222926;31.40;1
D-222929;27.26;0
D-222930;27.26;1
D-222931;32.22;0
D-222932;28.92;0
D-222961;24.75;0
D-222963;33.02;0
D-222969;38.83;0
D-223080;35.53;2
D-223105;38.83;0
D-223107;35.50;1
D-223109;24.75;2
D-223115;33.02;0
D-223361;23.96;50
D-223366;33.05;50
D-224106;9.88;12
D-224107;24.75;25
D-224109;14.83;50
D-227140;20.62;21
D-229632;18.14;10
D-229709;18.14;50
D-234559;13.21;7
D-234560;13.21;0
D-234561;15.69;0
D-234562;15.69;11
D-234564;14.04;3
D-234565;14.04;13
D-234566;17.35;13
D-234567;17.35;2
D-234568;26.44;2
D-234569;26.44;4
D-234570;30.57;4
D-234571;30.57;0
D-234572;33.05;0
D-234573;33.05;0
D-234578;20.65;1
D-234579;26.44;0
D-234580;30.57;0
D-234581;37.18;1
D-234582;16.52;0
D-234583;16.52;1
D-234584;17.35;5
D-234585;17.35;2
D-234586;19.83;1
D-234587;19.83;2
D-234588;21.48;1
D-234589;21.48;4
D-234590;22.31;0
D-234591;25.61;4
D-234596;28.92;0
D-234597;31.40;1
D-234598;33.05;1
D-234599;35.53;3
D-234604;49.58;3
D-234605;57.84;4
D-234606;76.85;8
D-235807;29.74;0
D-235808;29.74;0
D-235809;33.05;2
D-235810;12.39;3
D-235811;12.39;4
D-238276;33.88;0
D-238277;38.01;50
D-238278;42.97;50
D-238279;20.65;0
D-238280;20.65;28
D-238281;22.31;0
D-238282;22.31;50
D-238283;28.92;12
D-238284;28.92;0
D-238757;28.92;21
D-238758;28.92;25
D-238759;23.93;28
D-238760;23.93;4
D-238761;23.10;39
D-238762;23.10;0
D-238763;26.44;46
D-238764;26.44;4
D-238765;22.27;0
D-238766;22.27;0
D-241869;20.65;0
D-241870;20.65;0
D-241888;23.13;12
D-241889;23.13;4
D-241890;28.92;50
D-241891;28.92;50
D-241892;28.09;0
D-241893;28.09;29
D-241894;28.09;31
D-241895;28.09;15
D-241896;20.65;4
D-241897;20.65;18
D-241898;19.83;8
D-241899;19.83;0
D-242898;36.36;50
D-242899;37.18;38
D-242900;14.87;49
D-242901;13.21;13
D-242942;61.98;12
D-244000;33.05;4
D-244122;157.02;4
D-244859;16.52;0
D-244860;27.26;4
D-244861;35.53;2
D-244996;19.83;4
D-244997;23.13;2
D-244998;27.26;1
D-244999;31.40;4
D-245008;76.02;2
D-245009;98.34;0
D-245023;39.66;6
D-245024;47.93;5
D-245025;59.50;2
D-245026;73.55;1
D-245027;93.38;1
D-245028;47.10;5
D-245029;55.36;2
D-245030;66.11;1
D-245073;21.45;50
D-245074;28.88;0
D-245075;39.63;33
D-245076;53.68;50
D-245078;18.14;30
D-245079;23.10;50
D-245080;28.06;50
D-245081;36.32;50
D-245155;21.45;50
D-245156;27.23;50
D-245157;33.84;50
D-245158;40.08;50
D-245159;21.45;50
D-245160;27.23;50
D-245161;33.02;50
D-245162;39.63;50
D-245163;29.71;50
D-245197;26.44;18
D-245198;25.61;17
D-245199;27.26;0
D-245200;35.53;22
D-245201;34.70;0
D-245202;37.18;18
D-245556;35.53;6
D-245557;53.71;2
D-245558;93.38;4
D-246183;36.36;2
D-246329;80.98;4
D-246330;80.98;5
D-246332;81.81;11
D81131;70.24;0
D81132;33.05;9
PD5505-29;39.66;3
PD553221;49.58;14
PD5621-21;49.58;4
PD5622-21;53.71;3
PD5623-21;57.84;0
PD5624-21;61.98;7
PD5713-21;39.66;5
PD5715-21;53.71;6
PD5716-21;62.80;5
PD5717-21;53.71;19
PD5718-21;61.98;2
D-205160;15.69;50
D-205161;15.69;50
D-205162;15.69;3
D-220138;14.01;50
D-221975;17.35;0
D-222927;29.74;1
D-222928;29.74;2
D-222960;27.23;2
D-234592;19.83;3
D-234593;23.96;7
D-234602;20.65;4
D-234603;20.65;4
D-241518;24.79;6
D-241519;37.18;3
D-241520;49.58;1
D-241908;34.70;0
D-242725;23.96;0
D-242735;30.57;16
D-244272;42.97;34
D-244273;42.97;24
D-244463;61.15;0
D-244989;73.55;6
D-244990;81.81;3
D-244991;90.90;2
D66-194148LL;14.01;0
PD5512-21;33.05;3
PD5513-21;24.79;3
PD5514-21;28.92;7
PD5515-21;33.05;15
PD5516-21;28.92;0
D-212730;15.69;50
D-223106;82.60;1
D-228036;22.31;50
D-229224;19.79;0
D-234321;66.90;6
D-236566;33.88;0
D-238044;33.05;19
D-238079;28.92;0
D-238333;38.01;2
D-238385;7.43;9
D-238386;7.43;10
D-238387;9.91;0
D-238424;7.43;0
D-241177;19.83;50
D-241178;23.96;50
D-241179;38.83;50
D-241431;42.97;3
D-241432;42.97;2
D-241434;43.79;0
D-241435;43.79;1
D-241436;51.23;1
D-241437;51.23;1
D-241440;18.17;2
D-241441;18.17;2
D-241442;18.17;1
D-242065;35.12;50
D-242067;35.12;50
D-242099;37.15;50
D-242405;20.65;50
D-242414;23.13;0
D-242424;24.79;18
D-242425;22.31;41
D-242830;24.75;50
D-242831;24.75;50
D-242832;24.75;50
D-242833;28.88;50
D-242834;15.66;50
D-242838;15.66;50
D-242839;18.97;50
D-242840;12.36;50
D-242841;9.88;50
D-242842;7.40;50
D-242843;24.75;50
D-242844;22.27;50
D-242845;18.97;50
D-242846;15.66;50
D-242847;12.36;0
D-242848;23.93;50
D-242849;20.62;50
D-242850;15.66;50
D-242865;12.36;50
D-242866;14.01;50
D-242867;16.49;50
D-242868;12.36;50
D-242869;14.01;50
D-242873;14.01;0
D-242874;14.01;0
D-242875;14.01;0
D-242876;15.66;50
D-242877;15.66;50
D-242878;14.01;50
D-242879;16.49;50
D-242880;14.01;50
D-242881;16.49;50
D-242882;23.93;50
D-242894;37.18;0
D-242895;34.70;0
D-242896;33.05;49
D-242897;21.48;35
D-243387;33.02;50
D-243388;37.15;50
D-243389;41.28;50
D-243390;33.02;50
D-243391;37.15;50
D-243817;26.44;3
D-243827;14.87;1
D-243828;16.52;1
D-243829;18.17;2
D-243830;16.52;6
D-243831;19.00;0
D-244159;9.08;40
D-244160;9.08;0
D-244165;9.91;0
D-244166;9.91;0
D-244167;9.91;12
D-244168;11.56;45
D-244169;11.56;38
D-244170;12.39;0
D-244171;12.39;2
D-244174;15.69;0
D-244175;15.69;36
D-244176;15.69;0
D-244177;15.69;25
D-244178;15.69;6
D-244179;15.69;25
D-244458;30.57;50
D-244459;30.57;50
D-244460;30.57;50
D-245014;38.83;4
D-245187;34.70;27
D-245188;37.18;30
D-245189;42.97;33
D-245547;24.79;0
D-245548;33.05;0
D-245549;49.58;0
D-245861;28.92;0
D-246336;51.23;4
D-246349;28.92;28
PD4426-23;7.43;39
D-194151;19.79;21
D-194496;45.41;50
D-195022;164.46;6
D-195923;40.49;9
D-199377;40.49;16
D-199378;45.41;15
D-199959;37.15;17
D-209989;18.17;50
D-211789;7.43;1
D-211792;7.43;10
D-213101;45.41;50
D-213890;22.31;50
D-213891;22.31;50
D-216591;10.70;50
D-216592;9.88;50
D-216846;41.31;16
D-218798;15.69;1
D-218839;19.79;0
D-219211;19.79;49
D-221059;29.74;50
D-221061;29.74;50
D-221986;19.00;0
D-225371;41.28;50
D-225372;55.33;50
D-227195;23.96;41
D-227205;23.96;50
D-227566;45.45;1
D-229764;11.56;50
D-230525;20.65;50
D-230526;20.65;50
D-230527;20.65;50
D-230528;20.65;50
D-230529;20.65;50
D-230530;20.65;50
D-230531;20.65;29
D-230532;20.65;0
D-230533;13.21;50
D-230535;13.21;0
D-230986;11.56;50
D-231920;28.88;50
D-232845;33.05;50
D-234640;164.45;0
D-234641;164.45;0
D-234644;106.60;1
D-234645;106.60;2
D-237005;45.45;14
D-237009;42.97;0
D-237022;23.96;50
D-237023;38.83;18
D-237892;19.83;44
D-237893;19.83;39
D-237894;20.65;43
D-237895;20.65;40
D-237897;19.83;26
D-237898;19.83;23
D-237899;19.83;16
D-237900;31.40;20
D-237901;31.40;14
D-237909;47.10;9
D-237910;47.10;10
D-237921;38.01;6
D-237922;38.01;5
D-237929;43.79;1
D-237931;50.41;9
D-237938;58.67;9
D-239486;88.42;0
D-239487;95.03;50
D-239488;107.43;36
D-243055;39.66;6
D-243056;55.36;13
D-243813;51.23;0
D-243814;51.23;3
D-243820;41.31;0
D-243821;41.31;0
D-243822;41.31;0
D-243823;41.31;3
D-243826;49.58;2
D-244036;38.83;12
D-244039;23.96;31
D-244040;19.83;13
D-244045;48.75;24
D-244830;82.60;50
D-245165;54.96;50
D-245860;49.58;30
D46-149069NT;22.27;33
PD3651-23;400.82;2
PD3731-23;66.11;1
PD3762-00;516.52;2
PD4926-12;115.69;2
PD5404-21;45.45;0
RD 295;115.69;25
D-225844;30.57;1
D-237702;10.74;50
D-237733;23.96;5
D-218539;19.00;42
D-221696;16.49;50
D-231250;19.00;6
D-235003;44.62;3
D-235004;44.62;6
D-235006;44.62;5
D-235009;19.83;28
D-235010;19.83;47
D-235011;19.83;30
D-235013;19.83;9
D-236162;13.21;50
D-240050;4.12;43
D-241226;44.62;50
D-241540;12.39;23
D-241618;20.65;50
D-241619;18.17;50
D-241620;18.17;50
D-242628;57.84;4
D-245172;16.52;50
D-245321;41.31;8
D-245327;20.65;48
D55-21766;28.92;37
D-224035;24.79;50
D-237680;31.40;29
D11-816100;20.65;0
D-201636;19.00;50
D-205753;5.78;37
D-212714;5.78;50
D-214682;17.36;2
D-214683;17.36;15
D-220536;13.18;0
D-222204;11.56;1
D-222205;11.56;6
D-222206;11.56;6
D-222207;11.56;10
D-222208;11.56;24
D-222209;11.56;29
D-222213;15.69;3
D-230660;14.83;22
D-230995;15.69;31
D-236932;14.04;0
D-245052;16.52;16
D11-201360;16.52;50
D11702;6.60;0
D11704;14.87;50
D-195073;24.79;30
D-196490;19.00;0
D-196500;14.04;0
D-197000;4.95;0
D-199227;16.52;9
D-199228;26.44;0
D-199230;126.44;0
D-199885;17.35;0
D-201265;4.09;50
D-201266;5.74;50
D-201267;9.05;50
D-201294;17.35;41
D-201403;5.78;42
D-201404;9.08;0
D-201405;11.56;30
D-201635;8.22;50
D-201643;5.74;50
D-201644;11.53;50
D-201645;11.53;0
D-201646;7.40;50
D-201678;12.36;20
D-201837;51.23;38
D-202915;12.39;28
D-202923;8.26;45
D-203237;9.88;6
D-203239;9.88;1
D-203263;5.74;2
D-205290;5.74;50
D-205291;9.05;0
D-205292;16.49;0
D-205293;33.02;0
D-205294;4.95;50
D-207281;12.39;0
D-210392;10.74;50
D-210393;6.60;29
D-210394;12.39;50
D-210395;9.08;50
D-210646;19.00;3
D-212430;35.50;0
D-213109;10.70;0
D-215112;5.78;50
D-215177;9.05;0
D-216109;16.52;19
D-218631;15.69;26
D-218632;10.74;0
D-219175;9.05;0
D-219462;19.00;8
D-220318;12.39;0
D-220410;22.31;32
D-220491;8.26;9
D-220512;13.18;18
D-220513;13.18;4
D-220514;35.50;1
D-220532;7.40;20
D-220534;9.05;8
D-221678;9.88;10
D-222392;21.22;50
D-222402;8.26;1
D-224110;12.39;4
D-224128;9.08;0
D-224130;14.04;3
D-224135;12.39;50
D-224157;13.21;40
D-225589;5.78;50
D-227077;4.95;50
D-227078;8.22;50
D-227079;14.01;50
D-228884;9.08;0
D-228885;7.43;0
D-229356;19.00;1
D-230070;16.49;34
D-230071;16.49;22
D-230441;27.23;8
D-230442;49.58;1
D-230651;14.83;35
D-230653;6.60;22
D-230654;13.18;50
D-230658;14.83;50
D-230669;6.60;11
D-230670;13.18;50
D-230672;6.60;12
D-230673;13.18;0
D-230675;6.60;24
D-230676;13.18;8
D-230677;30.54;10
D-230685;13.18;50
D-230893;4.12;25
D-230894;9.08;31
D-230895;12.39;23
D-230896;4.12;7
D-230897;20.65;9
D-230900;9.08;23
D-230901;13.21;12
D-230902;13.21;34
D-230976;20.65;29
D-231060;11.56;13
D-231061;11.56;50
D-231062;8.26;0
D-234435;6.60;0
D-234436;10.74;10
D-234437;13.21;1
D-234438;19.83;0
D-234654;22.27;1
D-234934;10.74;50
D-236868;14.04;0
D-236869;15.69;0
D-236870;14.87;5
D-236880;20.65;11
D-236885;14.87;50
D-236893;9.91;40
D-236927;7.43;0
D-236928;9.08;2
D-236929;8.26;4
D-236931;14.87;0
D-236934;17.35;0
D-236937;28.09;0
D-236940;8.26;0
D-236941;9.91;2
D-236942;66.93;0
D-238113;9.91;4
D-239359;8.26;2
D-239360;9.91;2
D-239361;19.00;0
D-241200;8.26;36
D-241697;10.74;7
D-241823;7.43;46
D-242227;28.88;50
D-242305;10.70;23
D-242630;19.08;50
D-242631;64.54;9
D-243343;10.74;1
D-243699;7.85;26
D-243700;12.81;17
D-243701;16.94;0
D-243702;13.64;6
D-243756;19.01;35
D-243757;12.40;0
D-243758;20.66;4
D-243759;11.57;1
D-243760;23.14;4
D-244352;9.91;0
D-244573;9.91;8
D-244574;9.91;7
D-244864;8.26;0
D-244865;14.04;0
D-244870;11.56;0
D-244871;15.69;0
D-244872;12.39;1
D-244886;1.64;50
D-244887;1.64;50
D-245053;24.79;5
D-245253;10.74;19
D-245254;4.95;21
D-245255;12.39;31
D-245256;5.78;18
D-245257;14.87;14
D-245260;13.21;43
D-245261;6.60;50
D-245270;10.74;2
D-245276;12.39;21
D-245277;5.78;1
D-245278;11.56;15
D-245279;5.78;5
D-245280;16.52;15
D-245281;16.52;7
D-245282;9.08;49
D-245283;12.39;10
D-245284;9.08;6
D-245285;12.39;8
D-245286;22.31;17
D-245289;15.69;19
D-245770;9.05;7
D-246260;16.52;0
D-246261;16.52;0
D62-31030;5.74;12
D62-31100;9.08;0
D62-31500;22.27;0
D62-32030;5.74;8
D62-32100;9.05;15
D63-194152;8.26;50
D-197845;10.74;0
D-201640;14.01;50
D-203245;16.49;16
D-203247;16.49;8
D-203262;7.40;50
D-205295;9.08;50
D-207864;7.40;21
D-219176;16.49;5
D-219177;16.49;0
D-220793;11.53;50
D-228892;20.62;0
D-228893;33.02;0
D-228894;247.10;0
D-230439;38.80;0
D-230499;19.00;50
D-230657;19.00;28
D-230913;8.26;16
D--230919;14.87;50
D-230920;6.60;50
D-231054;13.21;11
D-235761;20.62;7
D-235762;16.49;9
D-236871;20.65;21
D-236933;38.83;0
D-236935;35.53;2
D-236938;61.98;1
D-239362;17.35;10
D-239363;25.61;0
D-239364;39.66;3
D-241406;17.31;4
D-243729;16.94;3
D-243730;27.27;0
D-243761;22.73;0
D-243762;38.02;1
D-244873;23.96;0
D-244888;1.64;50
D-245258;20.65;49
D-245259;10.74;49
D-245262;10.74;2
D-245263;20.65;0
D-245264;28.92;2
D-245265;19.00;49
D11-201221;17.35;50
D11-201223;17.35;50
D11-201225;17.35;50
D11-201355;17.35;50
D11790;14.04;50
D11791;14.04;12
D11793;14.04;25
D-201419;10.74;1
D-201420;10.74;7
D-201421;10.74;6
D-201422;10.74;20
D-201423;10.74;0
D-201424;10.74;3
D-201700;9.91;5
D-201703;9.91;6
D-201704;8.26;6
D-201706;8.26;4
D-202919;9.91;4
D-202921;9.91;8
D-202922;9.91;4
D-203254;9.05;8
D-203255;9.88;8
D-203256;9.05;6
D-205220;7.43;4
D-205221;7.43;1
D-205302;6.60;3
D-205303;6.60;0
D-205304;6.60;2
D-205305;6.60;3
D-205306;6.60;0
D-205307;6.60;4
D-205437;17.35;27
D-207279;14.04;15
D-210247;10.74;6
D-210378;10.70;34
D-210379;6.60;38
D-210380;10.70;32
D-210381;6.60;7
D-210382;10.70;37
D-210383;6.60;41
D-210384;10.70;23
D-210385;6.60;50
D-210386;10.70;34
D-210387;6.60;50
D-210388;10.70;14
D-210389;6.60;38
D-210390;10.70;36
D-210391;6.60;26
D-213223;19.00;0
D-213224;19.00;6
D-213324;19.00;5
D-214787;14.04;11
D-215108;5.78;50
D-215109;5.78;50
D-215110;5.78;13
D-215111;5.78;50
D-216606;14.87;11
D-216607;14.87;6
D-216609;14.87;6
D-216610;14.87;0
D-216611;14.87;3
D-216612;9.91;7
D-216852;14.87;6
D-217989;17.35;46
D-217990;17.35;50
D-217991;17.35;50
D-220492;8.26;7
D-220495;8.26;3
D-221675;9.05;12
D-222095;10.90;2
D-222096;10.90;8
D-222097;10.90;2
D-222238;10.90;50
D-222239;10.90;5
D-222240;10.90;11
D-222241;10.90;7
D-222242;10.90;9
D-224078;9.05;6
D-224122;9.08;50
D-224123;9.08;50
D-224124;9.08;50
D-224125;9.08;40
D-224126;9.08;50
D-224127;9.08;50
D-226610;10.90;50
D-227312;12.36;50
D-227314;12.36;50
D-227315;12.36;50
D-227316;11.98;50
D-228006;19.83;2
D-228009;19.83;1
D-228010;19.83;4
D-228657;1.64;50
D-230594;7.36;50
D-230595;7.36;0
D-230596;7.36;50
D-230597;7.36;50
D-230601;0.82;50
D-230761;10.70;0
D-230762;10.70;50
D-230763;10.70;0
D-230764;10.70;50
D-230889;7.43;16
D-230890;7.43;20
D-230892;7.43;16
D-230906;14.87;15
D-230916;6.60;29
D-230917;6.60;49
D-230918;6.60;3
D-230929;9.08;20
D-230930;9.08;11
D-230931;9.08;7
D-231286;9.05;5
D-232774;7.43;12
D-232775;7.43;9
D-234923;10.74;11
D-234924;9.08;50
D-234925;9.08;13
D-234933;10.74;50
D-235975;9.91;4
D-236035;9.91;50
D-236036;9.91;50
D-236038;9.91;50
D-236039;9.91;50
D-236040;9.91;50
D-236872;14.04;5
D-236873;14.04;7
D-236874;14.04;0
D-236875;14.04;10
D-241742;12.39;16
D-243393;9.08;31
D-243713;8.26;13
D-243714;8.26;27
D-243715;8.26;1
D-243716;8.26;5
D-243717;8.26;9
D-243718;8.26;1
D-243719;13.64;10
D-243720;13.64;8
D-243721;13.64;0
D-243722;13.64;0
D-243723;13.64;0
D-243724;13.64;3
D-243725;8.26;12
D-243726;13.64;0
D-243750;14.46;15
D-243751;14.46;24
D-243752;14.46;0
D-244344;9.08;14
D-244575;17.35;50
D-244874;12.39;6
D-244875;12.39;4
D-244876;12.39;0
D-244877;12.39;2
D-244878;12.39;0
D-244879;12.39;0
D-244880;12.39;0
D-244893;14.04;9
D-245271;10.74;13
D-245272;10.74;41
D-245273;10.74;11
D-245274;10.74;4
D-245275;10.74;10
D-245891;8.26;50
D-245892;8.26;50
D51-TE03CAR;9.91;0
D51-TE03CHO;10.74;11
D51-TE03COCO;10.74;9
D51-TE03PAS;10.74;5
D51-TE03ROJO;10.74;10
D62-41110;9.05;7
D62-41120;9.05;8
D62-41130;9.05;7
D62-41140;9.05;4
D63-194247;14.04;50
D63-194248;9.91;0
D63-194249;9.91;50
D11-201226;28.09;50
D11313;10.74;47
D11521;17.35;24
D11713;14.04;50
D-196493;14.87;31
D-196499;14.87;4
D-199887;19.00;1
D-201411;11.56;2
D-201412;21.48;0
D-201413;33.88;1
D-201570;25.61;0
D-201571;26.44;1
D-201572;12.39;3
D-201575;9.08;4
D-201577;20.65;0
D-201633;8.22;50
D-201634;19.00;50
D-201637;18.14;44
D-201639;19.00;50
D-201642;30.54;13
D-201679;8.22;50
D-201680;17.35;46
D-201681;8.22;50
D-201682;17.35;50
D-201702;9.91;0
D-201839;19.00;0
D-201841;19.00;0
D-202913;16.52;1
D-202927;27.26;29
D-202931;24.79;4
D-202932;14.04;31
D-203241;9.88;7
D-203243;16.49;4
D-205296;11.53;50
D-205297;22.27;6
D-205298;35.50;0
D-207398;9.08;50
D-207400;19.00;0
D-210244;9.08;50
D-213110;10.70;50
D-215334;37.15;4
D-215809;9.08;35
D-215810;28.88;0
D-215811;38.83;2
D-215812;66.07;0
D-215813;6.60;0
D-215814;9.08;9
D-215815;13.18;27
D-215817;11.53;0
D-215818;22.27;0
D-216566;12.39;1
D-219446;25.61;0
D-219455;19.83;18
D-220214;20.65;10
D-220316;3.82;0
D-220317;9.88;7
D-220504;28.88;0
D-220505;9.08;13
D-220506;28.88;17
D-220507;38.83;1
D-220508;66.07;0
D-220509;66.07;3
D-220531;13.18;1
D-220533;16.49;0
D-221570;13.21;50
D-222400;9.08;4
D-224129;9.08;50
D-224131;14.87;28
D-225238;9.91;34
D-225239;4.95;50
D-225240;13.21;34
D-225851;10.70;10
D-225853;10.70;21
D-225854;16.49;1
D-227348;8.26;7
D-229361;18.17;11
D-230433;39.63;18
D-230434;74.37;30
D-230436;132.19;6
D-230438;39.63;8
D-230446;39.63;10
D-230447;37.15;0
D-230496;9.05;3
D-230497;20.62;33
D-230498;47.07;2
D-230903;13.21;50
D-230912;13.21;50
D-230914;12.39;5
D-230915;5.78;7
D-230923;19.83;7
D-234849;15.69;10
D-234892;13.21;50
D-234893;8.22;50
D-234927;17.35;21
D-236395;13.21;50
D-236396;8.22;50
D-236867;14.04;16
D-236882;14.87;10
D-236890;9.91;22
D-243344;10.74;7
D-243707;8.26;0
D-243708;13.64;7
D-244017;9.05;50
D-244018;19.83;50
D-244116;57.02;0
D-244353;9.91;40
D-245268;12.39;26
D-245287;14.04;6
D-246647;24.75;6
D-246648;41.28;2
D62-21030;6.60;10
D62-21100;13.18;36
D62-22100;16.49;0
D62-25030;9.05;11
D62-25100;16.49;12
D62-51201;16.49;0
D-196492;15.69;1
D-199909;20.65;50
D-201270;13.18;9
D-201651;9.05;50
D-201652;20.62;40
D-201653;9.05;50
D-201654;20.62;50
D-201655;47.07;19
D-203257;11.53;42
D-203258;11.53;18
D-207867;7.40;19
D-215819;13.18;10
D-215820;24.75;0
D-219453;24.79;15
D-219454;22.31;21
D-220319;26.44;0
D-221676;16.49;50
D-222394;21.48;0
D-223294;8.26;5
D-225242;13.21;50
D-225243;16.52;37
D-225244;20.65;50
D-225245;14.04;34
D-225246;14.04;43
D-225247;16.52;50
D-225852;16.49;27
D-226607;15.70;29
D-229246;8.26;50
D-229247;14.83;50
D-229248;19.00;50
D-229434;23.13;17
D-230440;17.35;25
D-230445;47.07;14
D-230679;8.22;35
D-230680;17.35;26
D-230681;37.15;2
D-230909;15.69;23
D-230911;20.65;0
D-234656;30.54;17
D-234907;15.69;1
D-237679;7.43;0
D-245174;1.24;50
D-245175;1.49;50
D62-10100;13.18;50
D62-11030;6.60;50
D62-24100;16.49;8
D62-51202;16.49;0
D11740;19.83;0
D-194246;14.04;50
D-201576;37.18;12
D-201758;22.31;50
D-208886;24.75;0
D-208887;16.49;0
D-208888;123.93;0
D-209292;18.14;12
D-209293;10.70;21
D-210600;23.13;6
D-210601;23.13;3
D-210602;23.13;7
D-210603;23.13;2
D-212651;23.13;3
D-212707;9.91;0
D-212708;9.91;0
D-212709;9.91;1
D-215816;6.60;9
D-216116;9.91;12
D-220528;35.50;0
D-220839;22.31;23
D-221568;16.49;17
D-221578;2.47;50
D-222396;23.13;0
D-223990;2.47;50
D-224022;23.13;50
D-224024;23.13;50
D-224028;23.13;22
D-224033;23.13;50
D-224034;23.13;50
D-224036;24.79;50
D-224136;20.65;0
D-228000;12.39;4
D-228001;12.39;10
D-228002;12.39;6
D-228003;12.39;5
D-228887;10.70;7
D-228888;14.01;50
D-228889;74.37;3
D-230924;15.69;23
D-230925;15.69;22
D-230926;15.69;50
D-230927;15.69;33
D-243347;22.31;6
D-243348;22.31;2
D-243349;22.31;5
D-243350;22.31;13
D-244853;14.87;15
D-245054;28.92;8
D62-43101;16.49;18
D62-43102;16.49;8
D-194245;14.04;50
D-209283;18.14;42
D-209284;10.70;20
D-209286;16.49;13
D-209287;10.70;22
D-209289;16.49;27
D-209290;10.70;26
D-210604;23.13;6
D-210634;23.13;5
D-210636;23.13;2
D-210637;23.13;3
D-211218;23.13;3
D-215297;16.52;7
D-215298;16.52;8
D-215299;16.52;0
D-215305;16.52;2
D-215306;16.52;5
D-215307;16.52;5
D-216115;9.91;9
D-216117;9.91;14
D-216118;9.91;24
D-218842;24.75;14
D-221571;13.21;20
D-221686;11.53;4
D-222165;16.49;38
D-222166;9.88;50
D-222167;16.49;50
D-222168;9.88;50
D-222169;16.49;50
D-222170;9.88;47
D-222171;16.49;36
D-222172;9.88;8
D-222173;16.49;15
D-222174;9.88;27
D-222175;16.49;50
D-222176;9.88;50
D-224023;23.13;46
D-224025;23.13;14
D-224026;23.13;38
D-224029;23.13;50
D-224030;23.13;50
D-224031;23.13;50
D-224032;23.13;50
D-232986;9.91;8
D-232987;9.91;2
D-234847;13.18;7
D-234916;10.74;9
D-234922;20.65;50
D-234932;16.52;15
D-235976;9.91;0
D-236884;16.52;2
D-236886;16.52;28
D-236889;16.52;10
D-236894;16.52;0
D-237830;24.79;35
D-238787;10.74;0
D-238788;10.74;1
D-238789;10.74;7
D-238790;10.74;20
D-238791;10.74;3
D-238792;10.74;28
D-238793;10.74;22
D-238794;10.74;0
D-240074;17.35;13
D-240075;17.35;1
D-240076;17.35;15
D-240077;17.35;24
D-240078;17.35;4
D-240079;17.35;21
D-240080;17.35;11
D-240081;17.35;11
D-242261;24.79;36
D-242265;19.83;20
D-242266;19.83;13
D-242267;19.83;19
D-242268;19.83;11
D-243731;24.79;2
D-243732;13.64;0
D-243733;13.64;6
D-243734;13.64;3
D-243745;8.26;3
D-243746;8.26;8
D-243747;8.26;6
D-244004;12.39;4
D-244005;12.39;5
D-244006;12.39;4
D-244007;12.39;18
D-244490;2.47;50
D-245297;12.39;50
D-245298;12.39;48
D-245299;12.39;40
D-245300;12.39;50
D-245301;12.39;26
D-245302;12.39;42
D-245304;12.39;50
D-245305;12.39;28
D-246256;24.79;50
D12-201343;24.79;24
D-199465;18.17;37
D-199466;18.17;36
D-201607;16.52;35
D-201609;16.52;15
D-201610;16.52;24
D-201612;16.52;30
D-201707;8.26;11
D-201708;8.26;48
D-201709;9.08;0
D-201710;8.26;1
D-201711;11.56;0
D-201712;11.56;9
D-201713;11.56;0
D-201714;8.26;0
D-201715;8.26;9
D-201716;8.26;0
D-201717;11.56;0
D-201718;11.56;1
D-201719;11.56;4
D-201720;8.26;0
D-201721;8.26;0
D-201722;8.26;0
D-201723;11.56;0
D-201724;11.56;0
D-201725;11.56;0
D-203251;9.05;12
D-203252;9.05;17
D-205218;6.60;1
D-205219;6.60;9
D-205222;6.60;0
D-212219;11.56;0
D-212220;11.56;2
D-212221;8.26;0
D-212222;8.26;16
D-213460;23.13;50
D-213461;23.13;50
D-213462;23.13;50
D-213463;23.13;46
D-213464;23.13;50
D-213465;23.13;22
D-213466;23.13;50
D-213467;23.13;42
D-213468;23.13;27
D-213469;23.13;50
D-214788;16.52;8
D-214789;16.52;27
D-215765;16.52;47
D-220518;9.05;11
D-221569;16.49;35
D-221579;2.47;50
D-227010;9.05;50
D-227011;14.01;18
D-227012;9.05;36
D-227013;14.01;28
D-227014;9.05;50
D-227015;14.01;23
D-227016;9.05;50
D-227017;14.01;18
D-227018;9.05;50
D-227019;14.01;28
D-227020;9.05;50
D-227021;14.01;26
D-227022;7.40;50
D-227023;14.01;30
D-228340;17.35;50
D-228343;17.35;40
D-228344;17.35;50
D-228345;17.35;39
D-228346;17.35;36
D-228347;17.35;44
D-231093;16.52;15
D-234914;10.74;9
D-234915;10.74;9
D-234917;10.74;31
D-234918;10.74;24
D-234919;10.74;45
D-234920;10.74;4
D-234931;10.74;16
D-236773;12.36;50
D-236774;12.36;50
D-236775;12.36;50
D-236778;18.17;12
D-236878;20.65;15
D-238111;8.26;1
D-241764;12.36;50
D-241765;12.36;50
D-245303;12.39;7
D-202768;168.60;21
D-243617;36.32;16
D-243618;37.15;23
D-243619;36.32;25
D-243620;36.78;32
D-243621;36.78;14
D-243622;37.15;29
D-243623;36.32;16
D-243624;37.15;48
D-243625;36.32;24
D-243626;37.15;19
D-243749;30.58;1
D-194895;23.13;13
D-194896;23.13;28
D-194897;23.13;26
D-214640;5.78;41
D-214641;5.78;20
D-214642;5.78;50
D-214643;5.78;50
D-214644;157.02;31
D-228005;27.26;5
D-231244;15.69;0
D-231245;17.35;3
D-237772;25.61;10
D-237773;25.61;16
D-237774;25.61;7
D-237775;25.61;13
D-237776;15.69;13
D-237778;15.69;46
D-205879;19.83;31
D-205880;19.83;31
D-205881;19.83;37
D-205882;19.83;34
D-205883;19.83;43
D-205884;19.83;25
D-210256;14.83;13
D-215543;14.87;29
D-215553;16.52;50
D-215559;16.52;50
D-228895;10.74;2
D-228896;74.37;2
D-234848;13.18;10
D-241625;13.21;50
D-245055;24.79;3
D-210114;6.60;49
D-227105;33.05;3
D51-TE02CAN;33.05;0
D51-TE02CAR;33.05;0
D51-TE02CHOCOLATE;33.05;14
D51-TE02FRPASION;33.05;3
D51-TE02LCOCO;33.05;2
D51-TE02ROJO;33.05;5
D61-TE01CAN;6.60;50
D61-TE01CAR;6.60;16
D61-TE01CHO;6.60;34
D61-TE01LCOCO;6.60;50
D61-TE01NUE;6.60;49
D61-TE01PAS;6.60;50
D61-TE01ROJO;6.60;50
D-216344;14.04;50
D-221680;16.49;8
D-243741;21.49;2
D-243742;20.25;1
D14581;15.69;17
D15-201363;14.04;50
D15-80020;9.08;38
D-201408;6.60;0
D-201409;9.91;31
D-201410;12.39;34
D-201649;16.49;27
D-201694;14.04;43
D-201726;15.69;4
D-201735;15.69;3
D-203259;16.49;47
D-203261;16.49;5
D-207298;14.04;50
D-209377;20.62;50
D-210110;13.21;23
D-210640;17.35;0
D-210641;17.35;3
D-211757;9.91;35
D-212168;37.18;50
D-213988;11.56;17
D-213991;9.91;50
D-213995;9.91;11
D-214073;3.30;50
D-214785;13.21;0
D-215549;9.91;10
D-219401;18.17;16
D-221011;9.08;50
D-221012;9.08;15
D-221013;9.08;50
D-221014;9.08;50
D-221574;13.21;50
D-221679;16.49;1
D-224152;12.39;50
D-226882;18.17;6
D-228654;3.30;50
D-228659;15.29;50
D-229436;23.13;7
D-232142;16.52;16
D-234851;18.14;50
D-234900;18.17;50
D-234902;18.17;50
D-234903;19.00;50
D-234904;18.17;50
D-234905;18.17;33
D-234906;18.17;40
D-234910;18.17;50
D-234911;30.57;20
D-234930;18.17;50
D-235645;17.35;50
D-235647;19.00;50
D-238795;24.79;0
D-239730;18.17;15
D-239731;18.17;42
D-239732;18.17;31
D-239850;14.01;50
D-239851;16.49;50
D-239854;14.01;50
D-239855;14.01;50
D-241770;14.01;50
D-241771;14.01;50
D-242817;24.79;23
D-243735;15.29;0
D-243736;15.29;8
D-244351;14.04;32
D-244368;4.12;50
D-245312;21.48;40
D-245314;14.04;34
D-245318;19.00;14
D-245560;12.39;50
D-245561;12.39;50
D-245564;12.39;50
D-245565;12.39;40
D12-201196;34.70;50
D12-201347;36.36;50
D14811;15.69;33
D-194252;2.47;50
D-196470;24.75;50
D-197967;24.75;50
D-201484;12.36;47
D-210626;19.00;1
D-210627;19.00;6
D-224153;12.39;19
D-244355;8.26;50
D-244357;8.26;50
D-194968;20.65;16
D-208347;33.05;0
D-215554;14.87;35
D-221575;13.21;50
D-223836;14.87;39
D-223988;2.47;0
D-224154;17.35;41
D-244369;15.69;50
D-225587;9.99;15
D-245913;12.49;12
D-245914;16.34;2
D-245915;14.41;13
D-245916;16.34;6
D-244559;67.30;0
D-194275;9.91;50
D-194284;9.91;50
D-220925;9.91;0
D-225486;2.88;1
D-225487;5.76;0
D-225489;33.61;0
D-234439;11.56;3
D-234440;11.56;10
D-234441;11.56;4
D-234442;11.56;8
D-234853;10.70;3
D-234854;10.70;16
D-213296;11.53;22
D-237673;4.12;50
D-242752;19.83;50
D-242753;19.83;18
D-244917;13.21;6
D-245688;6.60;50
D-245707;15.69;20
D-237672;8.26;25
D-242754;13.21;22
D-245708;14.87;50
D-245709;19.00;7
D-234501;14.04;11
D-234503;5.78;0
D-237665;6.60;50
D-237674;6.60;50
D-241537;7.43;50
D-241543;14.87;5
D-241544;14.87;20
D-241545;14.87;9
D-241546;14.87;3
D-243677;10.70;50
D-243678;9.05;50
D-244954;10.74;50
D-245710;8.26;50
D-232541;4.12;10
D-232543;4.12;0
D-232544;4.12;0
D-232550;4.12;4
D-237663;8.26;50
D-237664;9.99;50
D-237676;4.95;50
D-239388;2.47;50
D-239389;4.12;13
D-244758;3.30;0
D-244761;3.30;0
D-244791;4.12;5
D-244792;4.12;3
D-244793;4.12;2
D-244794;4.12;4
D-239844;28.92;19
D-241227;19.83;14
D-242816;65.28;0
D-244972;33.05;0
D-244973;16.52;0
D-244974;26.44;12
D-244975;34.70;17
D-244976;41.31;22
D-244977;43.79;16
D-244978;39.66;18
D-244979;30.57;11
D-196731;6.32;50
D-196732;6.32;50
D-196733;6.32;50
D-234673;3.63;4
D-234674;3.63;0
D-234675;3.63;5
D-234676;3.63;0
D-240137;9.91;25
D-240138;9.91;48
D-242602;14.54;50
D-243392;8.17;50
D64-194183;6.32;50
D64-194184;6.32;50
D64-194185;6.32;50
D12000;4.95;50
D12001;13.21;50
D-196841;49.58;20
D-207285;13.21;50
D-207286;4.95;50
D-207287;49.58;50
D-207288;49.58;7
D-219519;10.90;5
D-219520;8.64;15
D-219521;18.26;22
D-219522;82.68;11
D-219523;5.76;10
D-219524;5.76;2
D-219525;14.41;8
D-219526;49.99;6
D-228905;17.30;0
D-235857;8.61;31
D-230212;2.47;9
D-230259;4.12;0
D-230260;2.47;14
D-230261;4.12;46
D-230291;4.95;1
D-231720;1.64;4
D-231730;3.72;2
D-231734;2.07;10
D-231736;3.72;5
D-231738;4.55;25
D-231746;8.18;10
D-231748;4.92;10
D-231749;3.72;15
D-231752;7.02;5
D-231755;3.30;9
D-231843;2.48;2
D-231854;7.85;10
D-232545;4.12;0
D-232546;4.12;0
D-234510;9.08;50
D-235522;1.65;6
D-235552;3.30;9
D-235553;3.31;9
D-235561;19.83;6
D-236747;16.52;4
D-237670;7.43;50
D-237671;7.43;0
D-237675;4.95;27
D-237677;7.43;50
D-238796;7.43;7
D-241539;9.08;6
D-242700;12.39;41
D-243971;2.07;10
D-243972;2.07;3
D-243973;2.07;5
D-243974;2.07;0
D-243975;2.07;0
D-243976;2.07;0
D-243977;2.48;13
D-243978;3.31;7
D-243979;3.31;7
D-243980;3.31;5
D-243981;4.13;0
D-243982;4.13;0
D-243983;4.13;1
D-243984;4.13;2
D-243985;3.31;16
D-243986;3.31;5
D-243989;3.31;0
D-243990;3.31;0
D-243994;1.65;6
D-243995;1.65;24
D-243996;1.65;6
D-243999;3.31;8
D-244440;4.12;5
D-244441;4.12;6
D-245387;2.47;19
D-245388;2.47;0
D-245410;2.47;0
D-245411;2.47;10
D-245412;2.47;29
D-245413;2.47;0
D-245414;2.47;6
D-245449;1.64;0
D-197830;26.91;35
D-197831;26.91;18
D-212752;16.35;50
D-212753;16.35;50
D-212754;16.35;50
D-212755;15.41;50
D-213038;25.95;50
D-213068;25.95;50
D-223031;12.68;50
D-223032;12.68;50
D-223033;12.68;50
D-223034;12.68;50
D-223035;12.68;50
D-223036;12.68;50
D-223850;11.53;0
D-223854;11.53;50
D-223856;11.53;50
D-223857;12.36;25
D-223861;12.36;27
D-244153;6.60;37
D-244154;6.60;49
D-244155;6.60;36
D-244156;6.60;9
D-244157;6.60;34
D-244158;6.60;13
D-244163;9.08;1
D-244831;2.44;50
PD2107-00;15.69;50
PD2165-23;61.98;8
PD2184-00;24.79;44
D-245416;2.47;4
D-245417;2.47;3
D-233581;4.95;0
D-233583;5.78;0
D-233584;5.78;0
D-233585;5.78;1
D-233586;5.78;0
D-233587;5.78;0
D-233588;5.78;2
D-233591;5.78;0
D-233593;4.95;0
D-213932;6.32;50
D-213933;4.95;50
D-231817;44.59;50
D-232844;4.95;10
D-234668;4.12;3
D-234670;4.12;0
D-234671;4.12;3
D-234672;4.12;2
D-235566;6.60;3
D-236723;6.60;0
D-236724;6.60;3
D-236725;6.60;1
D-236726;6.60;1
D-236727;5.78;3
D-236731;5.78;5
D-236732;5.78;0
D-236733;3.30;0
D-236734;3.30;5
D-236741;3.30;0
D-236742;3.30;0
D-236743;4.95;0
D-236744;4.95;6
D-236745;4.95;0
D-236746;6.60;0
D-236748;3.30;12
D-236771;4.95;0
D-236772;4.95;4
D-239376;4.12;50
D-239377;4.12;41
D-239378;4.12;30
D-241802;1.64;10
D-241803;1.64;12
D-241804;1.64;0
D-241805;0.82;5
D-241809;1.64;0
D-241810;1.64;0
D-241811;1.64;2
D-241817;1.64;0
D-241821;4.95;0
D-241822;4.95;1
D-242745;4.95;0
D-242746;4.95;4
D-243904;6.60;2
D-243905;6.60;3
D-243909;4.95;2
D-243987;2.07;7
D-244767;4.12;0
D-244768;8.26;1
D-244769;8.26;3
D-244770;8.26;1
D-244771;8.26;5
D-244772;8.26;0
D-244773;8.26;2
D-244774;8.26;12
D-244775;8.26;0
D-244776;8.26;7
D-244777;8.26;0
D-244778;9.91;0
D-244779;9.91;3
D-244790;3.30;2
D-244795;8.26;0
D-244796;8.26;1
D-245391;4.95;6
D-245392;4.95;5
D-245393;4.95;0
D-245399;12.39;4
D-245400;12.39;6
D-245401;12.39;6
D-245402;12.39;5
D-245403;12.39;5
D-245404;12.39;2
D-245405;9.91;1
D-245407;9.91;2
D-245408;9.91;2
D-245409;9.91;2
D-245415;4.12;0
D-245420;1.64;7
D-245421;1.64;4
D-245422;2.47;0
D-245423;2.47;0
D-245432;2.47;0
D-245433;2.47;0
D-245440;6.60;6
D-245441;6.60;2
D-245689;13.21;23
D-236750;6.60;0
D-194253;1.64;50
D-194254;1.64;50
D-194256;2.47;50
D-194262;0.82;50
D-194330;4.12;13
D-201263;0.82;0
D-201400;0.82;50
D-205894;0.82;50
D-208343;0.82;50
D-210245;12.39;16
D-210246;10.74;15
D-210248;10.74;11
D-212631;2.47;50
D-220516;0.82;50
D-227040;2.47;50
D-227041;2.47;50
D-227042;2.47;50
D-229951;0.99;50
D-230448;0.82;0
D-230490;0.82;0
D-230491;0.82;0
D-230494;0.82;0
D-230495;0.82;0
D-230598;0.99;50
D-230599;0.99;50
D-230600;0.99;50
D-230650;0.82;0
D-230652;0.82;0
D-230655;0.82;0
D-230656;0.82;0
D-230659;0.82;0
D-230661;0.82;0
D-230671;0.82;0
D-230674;0.82;0
D-230682;0.82;0
D-230686;0.82;0
D-231186;0.99;50
D-231427;0.82;0
D-236041;0.82;50
D-236042;0.82;50
D-236044;0.82;50
D-236045;0.82;50
D-236046;0.82;50
D-236450;0.82;50
D-237803;0.82;50
D-239856;0.82;0
D-241583;2.47;50
D-242638;0.82;0
D-242639;0.82;0
D-244560;0.82;50
D-244561;0.83;50
D-244562;28.92;4
D-244650;0.82;28
D-244651;0.82;38
D-244889;1.64;50
D-244890;1.64;0
D-244891;1.64;50
D61-TE11CAR;1.64;36
D61-TE11CHO;1.64;46
D61-TE11COCO;1.64;50
D61-TE11PAS;1.64;50
D61-TE11ROJO;1.64;49
D61-TE37GEL;2.47;50
D-230230;5.76;5
D-230231;5.76;0
D-230232;5.76;2
D-230235;5.76;3
D-230236;5.76;4
D-230237;5.76;1
D-230238;5.76;4
D-230240;5.76;2
D-230241;5.76;3
D-230242;5.76;2
D-230243;5.76;3
D-230244;5.76;5
D-230246;5.76;4
D-230247;6.60;0
D-233410;13.21;2
D-233411;13.21;2
D-233412;13.22;1
D-233413;13.22;1
D-233666;45.41;2
D-233668;45.41;2
D-233669;45.41;2
D-233670;55.33;2
D-233672;55.33;1
D-233698;42.93;2
D-233700;42.93;1
D-233701;42.93;2
D-233702;45.41;1
D-233705;45.41;1
D-233730;42.93;2
D-233732;42.93;2
D-233733;42.93;2
D-233734;45.41;1
D-233735;45.41;1
D-233736;45.41;1
D-233737;45.41;2
D-233765;24.75;2
D-233769;37.15;1
D-233794;29.74;1
D-233797;29.74;2
D-233799;45.41;1
D-233801;45.41;1
D-233826;42.93;2
D-233827;42.93;1
D-233828;42.93;1
D-233829;42.93;2
D-233830;45.41;1
D-233831;45.41;1
D-233858;42.93;1
D-233862;55.33;1
D-233863;55.33;2
D-233864;55.33;1
D-233865;55.33;1
D-233922;29.74;1
D-233923;29.74;1
D-233924;29.74;1
D-233925;29.74;2
D-233926;45.41;1
D-233929;45.41;1
D-233987;45.41;1
D-233989;45.41;1
D-233990;55.33;1
D-233991;55.33;1
D-233992;55.33;1
D-233993;55.33;2
D-234020;42.93;1
D-234021;42.93;1
D-234022;45.41;2
D-234023;45.41;1
D-234025;45.41;2
D-234050;42.93;1
D-234052;42.93;1
D-234053;42.93;1
D-234054;45.41;2
D-234056;45.41;1
D-234057;45.41;1
D-234082;35.50;1
D-234084;35.50;1
D-234085;35.50;1
D-234086;42.93;1
D-234089;42.93;2
D-234114;42.93;1
D-234115;42.93;2
D-234116;42.93;2
D-234117;42.93;2
D-234118;45.41;2
D-234119;45.41;2
D-234120;45.41;1
D-234121;45.41;2
D-234178;45.41;1
D-234180;45.41;1
D-234181;45.41;2
D-234182;55.33;2
D-234210;35.50;2
D-234211;35.50;2
D-234212;35.50;1
D-234213;35.50;2
D-234215;42.93;1
D-234216;42.93;1
D-234217;42.93;1
D-234244;24.75;2
D-234246;37.15;1
D-234247;37.15;2
D-234249;37.15;1
D-234274;45.41;1
D-234275;45.41;1
D-234277;45.41;1
D-234278;55.33;2
D-234279;55.33;2
D-234280;55.33;1
D-234281;55.33;1
D-237455;44.62;2
D-237456;44.62;1
D-237457;44.62;1
D-237484;41.31;2
D-237485;41.31;2
D-237486;41.31;1
D-237487;41.31;2
D-239953;13.21;1
D-241493;289.25;1
D-245783;16.52;0
D-245784;16.52;1
D-245785;16.52;1
D-245786;16.52;1
D-245839;15.69;1
D-245840;15.69;1
D-245841;15.69;1
D-245842;15.69;1
D-245843;15.69;1
D-245844;15.69;1
D-245845;15.69;1
D-245846;15.69;1
D-245847;15.69;1
D-245848;15.69;1
D-203418;14.01;2
D-233278;38.83;3
D-233279;38.83;3
D-233310;42.93;2
D-233311;42.93;2
D-233312;45.41;1
D-233313;45.41;4
D-233314;42.93;2
D-233315;42.93;2
D-233682;28.09;1
D-233696;30.54;1
D-233790;24.75;2
D-233810;28.09;1
D-233813;28.09;2
D-233824;30.54;1
D-233825;30.54;2
D-233906;28.09;1
D-233909;28.09;1
D-233921;24.75;2
D-234034;29.74;2
D-237442;25.61;1
D-241494;140.49;0
D-241495;140.49;1
D-233272;35.50;1
D-233273;35.50;2
D-233331;42.93;2
D-203436;25.61;0
D-233286;42.93;2
D-233287;42.93;1
D-242058;41.31;1
D-195061;11.56;29
D-213221;18.14;50
D-218542;5.74;3
D-223883;8.22;50
D-229437;10.74;0
D-230692;12.36;15
D-244340;17.35;23
D-244341;16.52;7
D-244665;13.21;37
D-244855;13.21;50
D-245087;17.35;45
D-223918;12.39;4
D-223919;14.04;0
D-223920;15.45;3
D-223975;12.39;0
D-245069;12.36;50
D-245070;14.01;50
D-245071;15.66;50
D-20308;15.38;29
D-216564;15.69;34
D-227206;15.69;50
D-227363;19.83;16
D-228032;23.13;7
D-195035;131.41;3
D-216845;33.05;18
D-222674;164.46;17
D-222675;164.45;7
D-222676;164.45;5
D-227339;7.43;32
D-230275;6.60;2
D-230421;20.62;5
D-232569;7.43;0
D-232570;7.43;0
D-232571;7.43;0
D-232572;7.43;0
D-232573;7.43;0
D-232574;7.43;3
D-234502;6.60;6
D-234507;6.60;0
D-234511;6.60;19
D-234684;4.95;1
D-236167;3.30;35
D-219603;28.92;50
D-222029;147.93;3
D-222030;147.93;2
D-229790;30.54;18
D-211177;57.81;0
D-211178;24.75;3
D-238104;37.18;0
D-238105;37.18;50
D-244817;61.94;50
D-194904;8.22;50
D-194913;9.05;50
D-202952;32.22;0
D-203764;29.74;8
D-216250;4.12;50
D-218420;5.78;33
D-219249;3.30;50
D-227743;23.10;0
D-230197;7.43;8
D-230202;7.43;2
D-230204;7.43;6
D-230207;18.17;7
D-230216;13.21;4
D-230221;17.35;1
D-230223;10.74;3
D-230225;10.74;6
D-230250;4.12;28
D-230262;4.95;3
D-230277;23.13;1
D-230280;23.13;3
D-230281;23.13;2
D-230283;23.13;6
D-230284;23.13;3
D-230285;23.13;1
D-230286;23.13;2
D-230287;4.12;8
D-230288;4.12;8
D-230411;14.87;5
D-230423;31.40;1
D-230424;31.40;2
D-230431;13.21;0
D-233641;24.79;50
D-245893;16.52;0
D-245895;8.26;0
D-194905;8.22;50
D-194906;8.22;50
D-194907;29.74;13
D-194909;16.49;48
D-194910;10.70;50
D-194917;18.14;16
D-194918;9.05;50
D-196532;29.74;35
D-202331;11.53;50
D-202332;13.18;50
D-210497;8.22;50
D-210501;7.43;14
D-218417;8.26;0
D-221906;5.74;50
D-221933;4.12;50
D-222214;7.43;39
D-222216;8.26;14
D-222218;8.26;25
D-222220;8.26;46
D-222222;18.17;8
D-222224;14.04;22
D-222226;14.04;4
D-222243;7.43;50
D-223099;20.62;50
D-223102;20.62;22
D-234500;25.61;48
D-234504;9.08;37
D-234506;6.60;0
D-242697;16.52;43
D-242699;12.39;14
D-245894;16.52;5
D-245896;8.26;10
D-195210;8.26;9
D-220060;11.53;50
D-222184;4.12;41
D-227462;4.12;50
D-227463;4.95;50
D-215172;6.60;9
D-215173;7.43;6
D-218418;8.26;16
D-220061;12.36;50
D-220064;11.53;50
D-222215;7.43;30
D-222217;8.26;13
D-222219;8.26;18
D-222221;8.26;8
D-222223;18.17;0
D-222225;14.04;13
D-222227;14.04;11
D-222244;7.43;50
D-227047;4.12;22
D-229450;61.15;5
D-229451;62.81;6
D-229452;31.40;2
D-232980;8.26;26
D-194911;13.18;50
D-194912;12.36;50
D-194915;13.18;19
D-196536;12.36;50
D-202330;13.18;41
D-202335;19.79;50
D-202622;9.05;50
D-207325;4.09;16
D-207326;8.22;6
D-207327;8.22;49
D-208613;8.22;50
D-211845;13.18;0
D-211847;20.62;20
D-213290;10.74;0
D-213291;8.22;50
D-213293;4.09;50
D-215801;4.12;50
D-216341;3.30;50
D-218043;8.26;50
D-218419;8.26;50
D-218421;8.26;34
D-221860;4.12;50
D-221861;4.12;30
D-221862;4.12;21
D-221863;206.78;1
D-223100;9.08;50
D-223101;10.74;50
D-227045;3.30;50
D-227046;3.30;50
D-227464;4.12;47
D-227745;9.08;50
D-229453;24.79;4
D-229454;24.79;3
D-229455;24.79;0
D-230412;11.56;9
D-232388;15.38;50
D-232389;9.08;24
D-232390;13.21;34
D-236165;24.79;6
D-236166;20.65;12
D-241538;29.74;22
D-225307;62.77;0
D-225309;62.77;0
D-236968;40.49;50
D-238735;45.45;46
D-238745;56.19;27
D-239346;40.49;0
D-239509;74.34;50
D-239510;70.21;6
D-239511;66.07;34
D-242714;34.70;41
D-220163;13.18;50
D-220164;12.36;0
D-223215;13.21;0
D-223216;13.21;4
D-223221;14.87;0
D-225285;17.35;3
D-194500;24.75;12
D-208348;24.75;26
D-221272;27.26;50
D-221273;27.26;5
D-221302;24.75;34
D-221303;24.75;50
D-221304;24.75;50
D-221305;24.75;50
D-221306;24.75;36
D-221307;24.75;39
D-222696;18.17;0
D-224113;36.32;0
D-224117;36.32;50
D-224921;36.32;50
D-224922;33.02;28
D-224923;42.93;50
D-224924;42.93;50
D-224925;29.74;50
D-224932;36.32;50
D-224933;42.93;50
D-224934;33.02;50
D-227184;41.27;21
D-227185;41.27;40
D-227186;41.27;18
D-227187;45.41;40
D-227188;45.41;40
D-227189;45.41;40
D-227190;49.54;40
D-227191;49.54;40
D-227192;49.54;40
D-227301;72.64;0
D-227302;78.43;50
D-227303;72.64;50
D-227304;78.43;4
D-227305;72.64;0
D-227306;66.89;50
D-227307;66.89;50
D-227451;73.54;50
D-227452;62.79;50
D-227453;80.12;50
D-227454;73.54;50
D-227455;81.80;42
D-227456;81.99;50
D-227457;71.88;50
D-227458;92.55;36
D-227459;85.93;50
D-233018;30.54;50
D-233019;35.50;37
D-233385;24.75;0
D-233386;28.88;50
D-233387;28.88;26
D-233388;23.93;50
D-233389;28.88;21
D-234614;21.48;1
D-234615;23.13;4
D-234616;23.13;3
D-234617;28.09;3
D-236496;74.37;0
D-236638;74.37;0
D-236639;86.77;3
D-237010;30.57;0
D-237409;22.31;0
D-239743;23.13;50
D-242728;23.96;39
D-242729;20.65;0
D-246338;49.58;22
D-246339;53.71;10
PD2162-23;33.05;23
PD3925-01;29.74;18
PD4663-23;34.70;0
D-221275;33.02;50
D-221276;33.02;50
D-224114;42.93;50
D-224118;42.93;50
D-224919;42.93;50
D-224920;36.32;50
D-224926;41.28;50
D-224927;42.93;50
D-224928;42.93;50
D-227308;128.02;50
D-227309;128.84;50
D-227310;128.02;50
D-227311;128.02;50
D-227460;117.31;39
D-227461;110.73;50
D-229269;74.37;0
D-229270;82.60;0
D-229271;82.60;0
D-229272;90.87;0
D-229273;99.13;0
D-229274;115.69;13
D-233017;24.75;50
D-237011;24.79;50
D-238415;79.33;0
D-238767;26.44;44
D-239744;26.44;46
D-242723;28.92;0
PD2164-12;53.71;7
D-221269;28.88;50
D-221270;28.88;29
D-221277;35.53;50
D-221278;35.53;50
D-224929;42.93;50
D-224930;42.93;50
D-224931;36.32;50
D-231160;24.75;50
D-241457;50.41;0
PD3382-23;61.15;49
PD3386-00;42.97;27
PD3925-02;36.36;8
D-246184;65.28;10
D-246209;63.63;15
D-246210;41.31;17
D-246337;45.45;18
PD3656-23;60.32;2
D-196670;57.84;1
D-196671;29.74;24
D-199985;42.97;21
D-199986;42.97;21
D-222063;16.49;50
D-222064;16.49;50
D-231159;24.75;0
D-222560;12.36;50
D-224066;33.05;0
D-227450;38.83;50
D-228510;48.75;1
D-228512;53.71;0
D-228513;48.75;3
D-228514;53.71;0
D-232452;24.75;28
D-233104;66.11;2
D-235917;49.58;4
D-235918;66.11;17
D-235919;66.11;8
D-235920;66.11;2
D-235921;74.37;3
D-235922;115.69;3
D-238286;12.39;50
D-238388;35.53;0
D-238414;35.53;0
PD3462-23;21.48;12
PD4320-01;29.74;4
PD4562-23;58.67;7
PD5630-23;28.92;5
D-216811;22.31;2
D-216812;22.31;1
D-220545;22.31;7
D-220546;22.31;10
D-220548;22.31;0
D-220549;22.31;0
D-220562;19.00;0
D-220563;19.00;0
D-220587;20.65;9
D-220596;23.13;7
D-220599;23.13;10
D-220600;23.13;0
D-220602;28.09;0
D-220603;28.09;0
D-220609;31.40;8
D-220624;22.31;0
D-220633;19.00;0
D-220649;22.31;0
D-220665;22.31;2
D-220666;22.31;6
D-220688;19.00;0
D-220689;19.00;1
D-220700;19.83;0
D-220701;19.83;3
D-220720;22.31;6
D-220722;24.79;10
D-220749;24.79;12
D-220752;24.79;4
D-220755;22.31;0
D-220776;23.13;1
D-222368;22.31;1
D-222482;28.09;0
D-222483;28.09;2
D-222525;30.92;2
D-222526;30.92;1
D-222549;30.07;2
D-222550;30.07;1
D-225673;22.31;0
D-227401;12.36;1
D-227471;14.01;9
D-227586;16.49;1
D-227598;14.01;3
D-227688;14.01;2
D-227726;16.49;10
D-227734;12.36;5
D-228670;10.21;50
D-228671;10.21;4
D-229671;38.83;0
D-229672;38.83;2
D-231067;22.31;14
D-231072;18.17;19
D-231074;22.31;16
D-231075;22.31;6
D-231076;16.52;6
D-231079;21.48;0
D-231435;10.70;0
D-231632;9.88;2
D-231659;8.22;7
D-231681;9.88;0
D-231682;9.88;0
D-231695;15.69;2
D-231697;10.70;14
D-224115;35.50;50
D-244070;61.12;0
D-213817;78.51;6
D-216065;13.97;50
D-219209;19.79;9
D-219210;19.79;0
D-219304;15.69;50
D-219365;38.83;27
D-219366;38.83;31
D-221093;16.49;50
D-225373;37.18;50
D-225374;37.18;50
D-235751;28.09;13
D-235752;45.41;0
D-242423;28.92;0
D-244510;28.92;4
D-244511;38.83;4
D-232732;49.55;34
D-236969;24.79;50
D-238139;41.28;11
D-238141;41.28;0
D-239977;50.37;29
D-240094;81.81;9
D-240095;81.81;5
D-240096;81.81;6
D-240500;131.40;8
D-240507;131.40;4
D-240508;131.40;2
D-240515;36.32;31
D-240516;36.32;27
D-240520;53.68;19
D-240521;53.68;5
D-194498;15.69;0
D-211110;23.93;17
D-213869;33.02;50
D-218780;15.69;50
D-218781;15.69;0
D-218782;15.69;50
D-219180;20.62;15
D-221105;23.93;50
D-221106;23.93;50
D-221107;23.93;36
D-221108;23.93;46
D-221109;23.93;7
D-221266;24.75;50
D-222147;17.35;8
D-223321;53.72;16
D-223325;4876.03;1
D-224091;20.65;50
D-227030;28.88;9
D-228557;28.88;29
D-228569;35.53;46
D-229715;34.70;11
D-231031;50.37;1
D-231900;34.67;40
D-231902;31.36;33
D-231904;37.98;39
D-231910;31.36;50
D-231912;35.50;50
D-231914;31.36;25
D-231916;41.28;30
D-231918;31.36;0
D-232434;42.93;36
D-232446;33.02;50
D-232744;55.33;26
D-233061;49.58;2
D-235730;33.02;0
D-237107;2884.29;1
D-237380;45.45;10
D-237580;55.33;34
D-237581;55.33;26
D-237582;55.33;28
D-237905;36.36;15
D-237906;36.36;18
D-238148;55.33;8
D-238150;55.33;19
D-238290;57.84;15
D-238291;57.84;8
D-238292;57.84;11
D-238311;114.87;2
D-238689;42.97;18
D-238690;42.97;11
D-238691;42.97;10
D-238695;42.97;8
D-238696;42.97;7
D-238697;42.97;10
D-238705;34.70;0
D-238706;34.70;0
D-238707;34.70;0
D-238714;38.83;3
D-238715;38.83;0
D-238716;38.83;1
D-238717;38.83;7
D-238718;38.83;8
D-238719;38.83;0
D-238770;39.66;0
D-238771;39.66;22
D-238774;37.18;15
D-238775;37.18;10
D-239746;40.49;10
D-239762;20.65;0
D-239763;20.65;0
D-239764;20.65;0
D-239765;20.65;10
D-239766;20.65;50
D-239767;20.65;50
D-239768;22.31;0
D-239778;18.17;50
D-239779;22.31;50
D-240557;39.66;8
D-240561;48.75;29
D-241731;24.79;15
D-241847;81.81;2
D-241848;81.81;6
D-241849;81.81;0
D-241850;123.13;2
D-241851;123.13;0
D-241852;123.13;0
D-243047;43.79;7
D-243048;38.83;14
D-243050;46.27;6
D-243053;46.27;7
D-243054;42.97;18
D-244046;77.68;5
D-244232;31.40;26
D-244252;34.70;4
D-244253;34.70;24
D-244289;53.71;0
D-244862;33.88;0
D-219650;18.17;50
D-244498;38.83;8
D-219370;15.69;32
D-220434;28.92;19
D-224090;20.65;50
D-225282;16.52;2
D-226680;15.69;50
D-233059;49.58;1
D-236077;26.44;0
D-237410;26.44;0
D-237411;26.44;14
D-237412;26.44;37
D-237578;23.13;14
D-237911;27.26;19
D-237912;27.26;20
D-244044;38.83;5
D-244491;22.31;3
D-194029;19.79;35
D-194030;19.79;50
D-195919;12.36;0
D-199967;22.27;0
D-199969;15.69;0
D-199970;22.27;17
D-199972;15.69;0
D-199973;15.69;0
D-199974;19.79;0
D-199975;22.27;50
D-199976;23.93;45
D-216445;15.69;0
D-216447;15.69;2
D-218560;90.87;50
D-218561;91.69;50
D-218562;90.87;50
D-218563;90.87;50
D-218749;12.36;0
D-218751;12.36;0
D-218752;15.69;0
D-218753;12.36;0
D-218754;15.69;0
D-218755;15.69;0
D-218756;15.69;50
D-218758;15.69;0
D-218759;15.69;3
D-218764;15.69;0
D-218765;19.79;0
D-218769;15.69;43
D-218770;15.69;8
D-218771;15.69;26
D-218772;15.69;41
D-218773;15.69;12
D-218775;22.27;22
D-218777;19.79;50
D-218778;22.27;0
D-218799;30.54;6
D-218837;26.44;3
D-219161;23.93;0
D-219162;22.27;0
D-219163;22.27;21
D-219165;22.27;42
D-219213;15.69;0
D-219234;15.69;0
D-219235;15.69;0
D-219236;15.69;0
D-219237;15.69;0
D-219326;30.54;16
D-219375;22.27;1
D-219379;22.27;1
D-219380;26.44;3
D-219382;23.93;15
D-220009;22.27;10
D-220065;37.15;50
D-220231;15.69;7
D-220240;23.93;2
D-220387;15.69;17
D-220389;15.69;0
D-220390;15.69;0
D-221976;19.83;0
D-223369;78.47;39
D-225101;20.65;50
D-226605;71.89;50
D-227334;15.69;0
D-230568;99.17;15
D-230569;107.43;3
D-231114;20.62;50
D-231115;21.48;50
D-231116;27.26;50
D-231117;20.62;29
D-231118;28.88;0
D-231119;27.26;50
D-231120;20.62;50
D-231122;27.26;50
D-231123;20.62;0
D-231124;28.88;50
D-231125;27.26;50
D-231922;47.89;0
D-231924;37.98;0
D-233023;23.10;0
D-233024;23.10;50
D-233025;23.93;50
D-233026;24.75;1
D-233027;30.54;50
D-234530;19.83;0
D-234531;19.83;0
D-234532;19.83;1
D-234533;19.83;5
D-234534;19.83;5
D-234535;19.83;17
D-234536;21.48;1
D-234537;21.48;1
D-234538;21.48;3
D-234539;21.48;8
D-234540;21.48;5
D-234542;21.48;4
D-234543;21.48;24
D-234544;21.48;6
D-234545;21.48;13
D-234546;21.48;0
D-234547;21.48;2
D-234548;21.48;1
D-234549;21.48;0
D-234550;21.48;25
D-234551;21.48;4
D-234552;21.48;1
D-234553;21.48;3
D-234554;21.48;0
D-234555;23.96;8
D-234556;23.96;1
D-234557;23.96;3
D-234558;23.96;6
D-234563;26.44;5
D-234574;26.44;0
D-234575;29.74;12
D-234576;34.70;4
D-234577;40.49;0
D-234594;26.44;2
D-234595;26.44;2
D-234600;28.92;6
D-234601;26.44;1
D-234608;74.37;2
D-234609;74.37;2
D-234610;74.37;2
D-236079;59.46;12
D-237086;60.32;16
D-238337;57.84;3
D-238338;65.28;2
D-239783;22.31;28
D-239784;22.31;0
D-244001;49.58;0
D-244002;57.84;0
D-244987;36.36;0
D-244988;36.36;2
D-245164;52.48;50
D-245166;41.28;50
D-245232;24.79;0
D-245233;24.79;0
D-245234;24.79;15
D-245235;24.79;0
D-245236;24.79;0
D-245250;28.92;0
D-246341;132.22;3
D46-149075;33.05;2
D47-149077;12.36;0
D47-194157;12.36;0
D47-194159;12.36;0
PD1511-21;33.05;21
PD1517-21;46.27;8
PD1519-21;52.88;13
PD5402-21;37.18;16
PD5403-21;41.31;14
PD5406-21;41.31;4
PD5407-21;45.45;5
PD5408-23;53.71;1
PD5409-21;49.58;5
PD5410-21;53.71;5
PD5410-29;61.98;6
D-196990;56.55;4
D-199962;34.67;16
D-199964;40.49;8
D-199965;37.15;1
D-199977;34.67;39
D-199978;26.44;20
D-211800;34.67;0
D-213252;57.81;50
D-215138;39.66;50
D-215140;33.02;50
D-218628;99.17;22
D-219238;19.79;0
D-219239;19.79;7
D-219241;19.79;22
D-219318;15.69;50
D-219364;57.84;10
D-219422;42.97;23
D-220237;34.70;23
D-220238;34.70;23
D-220239;34.70;25
D-221240;189.26;1
D-221241;189.26;2
D-221242;189.26;2
D-222149;19.83;1
D-223490;214.05;3
D-223491;214.05;0
D-223492;214.05;1
D-226677;123.13;3
D-226679;16.52;50
D-226682;16.52;50
D-229369;164.45;5
D-229370;147.93;2
D-229371;147.93;2
D-229372;147.93;2
D-229713;51.23;13
D-229780;70.21;8
D-229949;49.58;2
D-229950;45.41;0
D-230323;23.96;15
D-231034;51.20;7
D-231290;66.90;13
D-231291;66.90;29
D-232422;41.28;50
D-232423;41.28;0
D-232440;61.94;50
D-232451;61.94;50
D-233028;28.88;50
D-233080;80.16;1
D-233400;56.16;7
D-237365;71.07;12
D-237378;41.31;0
D-237382;45.45;1
D-237388;45.45;21
D-237903;33.88;10
D-237904;33.88;7
D-237915;52.88;8
D-237916;52.88;11
D-237917;42.14;19
D-237918;42.14;14
D-237923;37.18;11
D-237924;37.18;12
D-237925;42.14;21
D-237926;42.14;11
D-237927;29.74;17
D-237928;29.74;6
D-237934;29.74;8
D-237936;46.27;8
D-238077;28.92;0
D-238294;47.93;9
D-238295;47.93;10
D-238296;47.93;10
D-238768;39.66;5
D-238769;39.66;14
D-239769;23.96;0
D-239770;28.92;24
D-239771;25.61;50
D-239891;46.27;6
D-239892;46.27;0
D-239893;46.27;0
D-239980;71.07;2
D-239981;78.50;2
D-239982;78.50;2
D-240539;45.45;50
D-240558;37.18;4
D-240559;39.66;0
D24-149095LL;34.67;50
D24-149095RS;34.67;19
D24-194026;34.67;11
D24-194095LL;30.54;31
D-242701;37.18;0
D-242717;38.83;2
D-244037;21.48;16
D-244038;23.96;32
D-244509;67.76;2
D-244516;57.84;2
D-244567;60.29;31
D-244828;41.28;50
D-244863;37.18;0
D-244930;60.29;32
D-245866;41.31;44
D-245870;37.18;37
D-246193;82.64;3
D-246196;82.64;4
D-246198;165.28;3
D-246199;82.64;9
D34-149094RS;26.44;50
D46-149088LL;19.79;0
D15601;5.78;26
D15613;6.60;19
D15632;9.91;23
D-194486;26.44;18
D-194488;21.48;49
D-194489;19.83;0
D-194490;19.83;50
D-194493;15.69;44
D-195033;114.88;8
D-197718;41.28;16
D-199980;19.83;50
D-199981;19.83;50
D-199982;19.83;0
D-199983;19.83;20
D-202944;8.26;30
D-202947;6.60;13
D-205192;11.56;50
D-205205;15.69;50
D-205206;15.69;50
D-205210;31.36;50
D-205211;31.36;18
D-205212;33.02;7
D-205214;21.48;17
D-205450;6.60;37
D-205451;6.60;50
D-205452;6.60;50
D-207054;15.69;50
D-207061;28.09;3
D-207062;33.02;21
D-207302;6.60;25
D-207303;13.21;5
D-207304;9.91;29
D-207305;9.91;18
D-208186;11.56;50
D-208712;11.56;50
D-208713;11.56;50
D-208714;11.56;50
D-208715;12.39;50
D-209990;12.39;0
D-210127;85.94;1
D-210285;11.56;50
D-210490;42.97;2
D-210945;26.44;11
D-211734;20.65;50
D-211741;18.17;22
D-211742;18.17;3
D-211760;18.17;45
D-211761;18.17;22
D-211774;11.56;0
D-211775;12.39;0
D-211776;15.69;0
D-211777;11.56;0
D-211778;15.69;50
D-212739;13.21;20
D-212741;9.91;29
D-212742;9.91;29
D-212743;6.60;27
D-212744;13.21;43
D-212745;6.60;34
D-213041;19.83;13
D-213042;19.83;3
D-213044;12.39;50
D-213045;12.39;50
D-213814;73.55;4
D-213815;73.55;4
D-213876;20.62;0
D-213877;24.75;50
D-213893;28.92;50
D-213934;4.95;50
D-214851;61.98;29
D-214855;21.48;0
D-214887;34.70;49
D-215141;55.33;0
D-215380;33.05;1
D-215381;33.05;4
D-215383;33.05;2
D-215385;33.05;2
D-216571;15.66;0
D-216572;15.66;0
D-216573;15.66;0
D-217976;4.95;50
D-217977;4.95;50
D-217978;4.95;50
D-217979;4.95;50
D-217980;4.95;50
D-217981;9.05;50
D-217982;9.05;50
D-217983;9.05;50
D-217984;9.05;50
D-217986;4.95;50
D-218015;4.95;50
D-218191;58.64;0
D-218547;28.88;42
D-218744;14.01;50
D-218745;12.36;50
D-218746;14.83;50
D-218747;14.83;50
D-219321;15.69;25
D-219325;15.69;50
D-219383;19.83;1
D-219647;18.17;0
D-219972;20.65;25
D-219979;20.65;50
D-220007;15.69;50
D-220161;11.53;50
D-220162;12.36;50
D-220339;34.70;50
D-220340;34.70;50
D-220347;28.92;48
D-220408;28.92;0
D-220409;28.88;50
D-220430;42.97;2
D-221065;20.65;0
D-221066;20.65;19
D-221121;45.41;50
D-221246;11.56;30
D-221250;14.04;50
D-221251;10.74;48
D-221252;10.74;50
D-221308;33.02;50
D22-149120;26.44;50
D-221887;57.81;0
D-221890;31.36;0
D-221891;31.36;50
D-221964;14.87;9
D-221970;14.87;3
D-221987;13.21;36
D-221988;13.21;36
D-221990;13.21;6
D-221991;13.21;0
D-222061;14.01;50
D-222062;14.01;50
D-222065;10.70;50
D-222066;10.74;50
D-222067;9.88;50
D-222068;9.88;50
D-222069;9.88;50
D-222070;9.88;50
D-222071;10.70;50
D-222196;12.39;0
D-223210;16.52;2
D-223211;7.43;14
D-223299;10.74;0
D-223612;14.87;1
D-223613;14.87;3
D-223614;16.52;0
D-223809;10.74;14
D-223812;10.74;1
D-223817;15.69;0
D-223873;57.81;0
D-223875;57.81;0
D-223879;39.63;0
D-223880;39.63;0
D-223917;17.35;0
D-223950;5.78;0
D-223955;6.60;4
D-223997;44.62;4
D-223998;7.43;0
D-223999;7.43;0
D-224000;7.43;0
D-224001;7.43;0
D-224003;72.72;1
D-224012;12.39;0
D-224013;7.43;0
D-224015;13.21;0
D-224935;36.32;50
D-224936;36.32;50
D-224937;36.32;50
D-224938;33.02;50
D-224939;36.32;50
D-225019;11.56;1
D-225020;8.26;0
D-225058;9.91;0
D-225235;38.83;0
D-225291;20.65;1
D-225293;12.39;13
D-225299;12.39;8
D-225310;47.07;4
D-225311;47.07;19
D-225736;28.88;50
D-225737;28.88;50
D-225738;56.16;50
D-226729;10.74;0
D-226730;11.56;50
D-226731;11.56;21
D-226732;11.56;50
D-226733;11.56;50
D-226734;11.56;7
D-226777;31.40;3
D-226978;33.02;0
D-226979;33.02;0
D-226990;33.02;0
D-226991;33.02;0
D-226994;12.36;50
D-227210;14.87;0
D-227211;14.04;0
D-227212;14.04;0
D-227213;14.04;35
D-227214;14.04;12
D-227245;15.66;50
D-227246;15.66;50
D-227247;15.66;50
D-227248;15.66;50
D-227249;16.49;0
D-227270;16.49;30
D-227271;16.49;0
D-227272;16.49;33
D-227273;14.01;0
D-227274;14.01;22
D-227275;14.01;37
D-227276;14.01;16
D-227641;20.62;50
D-227986;9.91;2
D-227987;9.91;6
D-228301;56.16;50
D-228302;56.16;50
D-228444;24.75;6
D-228492;37.18;10
D-229320;24.75;2
D-229321;24.75;3
D-229322;24.75;2
D-229323;24.75;6
D-229324;24.75;2
D-229325;24.75;3
D-229326;24.75;2
D-229327;24.75;2
D-229328;24.75;0
D-229329;24.75;1
D-229350;5.74;0
D-229351;5.74;0
D-229352;5.74;50
D-229353;5.74;0
D-229354;5.74;0
D-229355;5.74;50
D-229810;10.74;24
D-229811;10.74;50
D-229812;10.74;3
D-229814;14.04;50
D-229928;57.81;43
D-230150;31.36;0
D-230151;31.36;25
D-230186;24.79;50
D-230187;9.92;50
D-230188;9.92;50
D-230189;9.92;50
D-230251;5.78;40
D-230305;14.01;34
D-230306;14.01;50
D-230312;15.69;35
D-230316;10.66;34
D-230317;10.66;50
D-230585;884.29;5
D-230698;31.36;26
D-230700;31.36;50
D-230701;46.24;16
D-230775;13.21;0
D-230776;13.21;0
D-230777;13.21;0
D-230778;66.07;0
D-230985;35.12;50
D-231015;11.56;0
D-231017;58.64;0
D-231019;58.64;50
D-231029;49.55;5
D-231030;49.55;25
D-231035;18.97;0
D-231036;18.97;0
D-231037;18.97;0
D-231038;18.97;0
D-231039;18.97;0
D-231040;18.97;0
D-231041;18.97;0
D-231042;18.97;0
D-231043;31.36;0
D-231047;8.22;50
D-231049;15.69;50
D-231055;10.74;0
D-231056;16.52;0
D-231059;15.69;0
D-231155;13.21;0
D-231156;13.21;0
D-231157;13.21;0
D-231158;13.21;0
D-231239;24.75;0
D-231415;43.76;10
D-231416;43.76;0
D-231810;39.63;16
D-231811;39.63;19
D-231897;39.63;16
D-231898;39.63;17
D-232184;57.81;10
D-232186;33.02;12
D-232461;37.98;0
D-232467;28.92;0
D-232598;9.88;0
D-232654;9.88;12
D-233045;12.39;7
D-233046;12.39;3
D-233062;13.21;2
D-233063;13.21;0
D-233064;13.21;2
D-233065;14.87;2
D-233066;15.69;0
D-233067;15.69;0
D-233068;15.69;0
D-233114;61.98;29
D-233115;66.11;6
D-233116;57.84;1
D-233117;61.98;6
D-233118;61.98;5
D-233119;66.11;11
D-233120;74.37;3
D-233121;115.69;9
D-233122;123.96;4
D-233123;41.31;29
D-233125;41.31;12
D-233126;41.31;15
D-233127;142.14;11
D-233397;26.44;50
D-234328;39.63;4
D-234361;24.79;50
D-234362;23.96;3
D-234363;33.05;43
D-234388;41.28;50
D-234476;131.41;1
D-234477;131.41;0
D-234478;131.41;1
D-234611;11.56;13
D-234612;14.04;21
D-234613;16.52;22
D-234620;37.18;0
D-234621;41.31;0
D-234648;73.55;0
D-234649;73.55;0
D-234712;12.39;7
D-234713;12.39;5
D-234714;33.05;2
D-234715;33.05;2
D-234717;33.05;3
D-234894;31.36;0
D-234970;24.75;45
D-234974;4.95;45
D-234975;4.95;0
D-234976;4.95;50
D-234977;4.95;50
D-234978;4.95;50
D-234979;4.95;50
D-234980;12.39;0
D-235606;57.81;37
D-235755;28.09;0
D-235759;30.54;47
D-235855;14.87;0
D-236073;23.93;8
D-236074;23.93;19
D-236076;33.02;16
D-236539;20.65;16
D-236547;78.50;11
D-236548;82.64;11
D-236549;57.02;2
D-236556;44.62;50
D-236557;47.93;44
D-236558;57.84;14
D-236572;233.05;3
D-236575;157.02;23
D-236578;142.14;16
D-236581;28.92;50
D-236585;45.45;19
D-236615;49.58;11
D-236655;16.52;36
D-236656;16.52;33
D-236657;16.52;25
D-236658;18.17;25
D-236659;18.17;21
D-236844;23.13;20
D-236865;78.50;2
D-236972;40.49;0
D-236974;15.69;50
D-236975;14.01;50
D-236976;14.01;9
D-236979;59.50;10
D-236980;56.19;6
D-236996;35.53;13
D-237008;22.31;50
D-237024;19.83;50
D-237084;22.31;35
D-237085;22.31;50
D-237379;38.83;15
D-237384;26.44;38
D-237385;26.44;0
D-237386;28.92;21
D-237387;23.13;17
D-237392;23.13;50
D-237569;22.31;21
D-237570;22.31;10
D-237571;22.31;9
D-237572;22.31;23
D-237575;23.96;9
D-237576;23.96;0
D-237944;16.52;20
D-237945;23.96;13
D-237946;22.31;15
D-237947;23.96;10
D-237948;23.96;9
D-237949;24.79;10
D-237950;18.17;0
D-238007;31.40;0
D-238008;36.36;18
D-238009;4.12;50
D-238010;4.12;50
D-238011;5.78;50
D-238012;41.31;9
D-238013;5.78;50
D-238014;5.78;50
D-238015;9.08;50
D-238016;5.78;50
D-238017;5.78;13
D-238018;6.60;22
D-238019;9.08;40
D-238020;6.60;21
D-238021;4.95;44
D-238023;5.78;40
D-238024;39.66;3
D-238025;47.10;7
D-238026;4.95;23
D-238027;35.53;0
D-238028;41.31;1
D-238029;38.83;7
D-238030;46.27;3
D-238031;7.43;18
D-238032;31.40;40
D-238033;8.26;23
D-238034;9.91;11
D-238035;34.70;6
D-238036;34.70;8
D-238071;33.05;17
D-238072;15.69;0
D-238078;28.92;0
D-238082;20.65;22
D-238083;20.65;10
D-238092;8.26;12
D-238096;33.05;2
D-238138;47.07;0
D-238287;4.95;50
D-238316;13.21;0
D-238319;15.69;0
D-238320;19.00;4
D-238321;56.19;2
D-238322;23.96;1
D-238330;13.21;0
D-238410;12.39;0
D-238412;13.21;4
D-238413;13.21;1
D-238416;14.87;0
D-238417;16.52;0
D-238732;28.92;15
D-238733;28.92;8
D-238736;23.13;50
D-238737;23.13;50
D-238738;23.13;50
D-238739;205.78;0
D-238751;41.31;0
D-238752;41.31;0
D-238753;41.31;0
D-238754;42.97;0
D-238755;31.40;35
D-238756;21.48;0
D-239231;13.21;0
D-239232;15.69;3
D-239233;15.69;2
D-239234;15.69;3
D-239235;8.26;0
D-239236;9.91;0
D-239237;9.91;2
D-239238;9.91;0
D-239239;9.91;0
D-239240;12.39;5
D-239404;23.13;0
D-239405;23.13;0
D-239406;24.79;4
D-239407;24.79;0
D-239408;43.79;3
D-239409;43.79;2
D-239410;43.79;2
D-239411;43.79;0
D-239414;12.39;0
D-239415;14.04;0
D-239416;15.69;0
D-239514;66.07;50
D-239755;19.83;50
D-239756;14.01;50
D-239757;14.01;50
D-239758;14.01;50
D-239759;14.83;18
D-239760;14.83;16
D-239896;26.44;15
D-239929;25.61;34
D-239930;25.61;14
D-239931;26.44;19
D-239932;26.44;38
D-239933;30.57;17
D-239934;38.83;26
D-239935;34.70;0
D-239936;28.92;14
D-239937;33.05;24
D-239944;33.05;19
D-239945;23.13;15
D-239946;23.13;20
D-239978;71.89;0
D-240082;26.44;46
D-240518;33.05;1
D-240540;21.48;25
D-240543;33.05;0
D-240546;34.70;27
D-240548;22.31;0
D-240549;22.31;17
D-241208;74.37;5
D-241453;20.65;0
D-241455;50.41;0
D-241516;57.84;12
D-241552;66.07;50
D-241557;57.81;50
D-241558;66.07;50
D-241559;66.07;50
D-241563;25.61;22
D-241735;4.95;21
D-241860;14.04;0
D-241861;14.04;0
D-241862;14.04;50
D-241863;14.04;50
D-241864;14.04;50
D-241865;14.04;50
D-241866;14.04;50
D-241867;14.04;50
D-241873;23.96;0
D-241874;14.04;50
D-241875;14.04;50
D-241876;14.04;0
D-241877;14.04;50
D-241878;14.04;50
D-241879;14.04;41
D-241880;14.87;50
D-241881;14.87;50
D-241882;14.87;50
D-241902;20.65;0
D-241903;12.39;37
D-241904;20.65;50
D-241905;16.52;0
D-241906;16.52;50
D-241907;16.52;50
D-241909;12.39;50
D-241910;12.39;50
D-241915;49.58;20
D-241933;74.37;6
D-241977;5.78;48
D-241978;5.78;50
D-241979;7.43;50
D-241980;5.78;50
D-241981;6.60;32
D-242061;28.09;50
D-242062;28.09;50
D-242063;28.09;1
D-242083;28.92;50
D-242116;33.05;9
D-242117;82.64;11
D-242412;19.00;50
D-242417;21.48;50
D-242418;21.48;8
D-242428;19.00;50
D-242431;12.39;50
D-242432;33.88;11
D-242433;13.21;50
D-242434;13.21;0
D-242435;33.05;3
D-242438;16.52;0
D-242439;12.39;0
D-242448;27.26;0
D-242449;27.26;0
D-242450;27.26;0
D-242451;21.48;50
D-242460;28.92;3
D-242461;32.22;4
D-242462;33.05;2
D-242463;24.79;21
D-242467;26.44;5
D-242471;28.09;25
D-242472;12.39;33
D-242473;12.39;39
D-242474;12.39;0
D-242475;13.21;40
D-242476;13.21;1
D-242477;13.21;47
D-242478;13.21;0
D-242480;28.92;0
D-242481;25.61;27
D-242494;14.87;0
D-242495;14.87;0
D-242496;13.21;29
D-242497;13.21;50
D-242498;13.21;11
D-242499;13.21;19
D-242500;12.39;50
D-242705;28.92;50
D-242706;11.56;0
D-242707;11.56;50
D-242708;61.15;1
D-242709;28.92;50
D-242710;45.45;1
D-242719;12.39;50
D-242721;41.28;0
D-242722;11.56;0
D-242724;19.83;16
D-242730;11.56;26
D-242731;14.04;0
D-242732;11.56;50
D-242733;12.39;0
D-242734;15.69;0
D-242736;15.69;0
D-242738;13.21;50
D-242739;13.21;50
D-242740;13.21;50
D-242741;19.83;46
D-242812;4.95;50
D-242813;4.95;50
D-242814;4.95;50
D-242835;12.36;50
D-242836;12.36;50
D-242837;12.36;50
D-242851;10.70;50
D-242852;14.01;50
D-242853;14.01;50
D-242854;14.01;50
D-242855;7.40;50
D-242856;9.88;50
D-242857;11.53;50
D-242858;12.36;36
D-242859;11.53;50
D-242860;11.53;50
D-242861;10.70;50
D-242862;13.18;50
D-242863;14.01;50
D-242864;14.01;50
D-242889;12.39;50
D-242890;12.39;50
D-242891;12.39;50
D-242892;12.39;50
D-242902;14.04;50
D-242903;14.04;50
D-242908;14.04;46
D-242909;14.04;44
D-243812;42.14;1
D-243832;13.18;50
D-243833;12.36;50
D-243834;13.18;50
D-243835;12.36;50
D-243836;12.36;50
D-243837;13.18;50
D-243838;13.18;50
D-243839;13.18;50
D-243840;13.18;50
D-243841;12.36;50
D-243842;12.36;23
D-243843;12.36;50
D-243844;19.79;50
D-243845;14.83;50
D-243846;14.83;50
D-243847;14.83;50
D-243853;162.80;21
D-243855;142.97;5
D-243856;115.69;14
D-243857;193.38;8
D-243859;198.35;19
D-243861;228.09;14
D-244026;38.83;6
D-244027;38.83;12
D-244041;33.88;8
D-244042;24.79;18
D-244043;9.91;30
D-244180;15.69;33
D-244181;15.69;34
D-244182;18.17;49
D-244183;18.17;50
D-244184;15.69;0
D-244213;27.26;9
D-244214;27.26;50
D-244215;27.26;50
D-244218;28.09;50
D-244282;49.58;0
D-244283;49.58;0
D-244381;20.65;12
D-244494;19.00;4
D-244497;38.83;1
D-244502;33.88;7
D-244503;57.84;5
D-244518;28.92;11
D-244644;66.11;0
D-244667;46.27;0
D-244704;36.78;50
D-244705;40.45;50
D-244820;41.28;0
D-244824;70.21;50
D-244825;66.07;50
D-244829;14.83;50
D-244957;65.28;0
D-244958;65.28;0
D-244992;43.79;0
D-244993;47.93;3
D-244994;67.76;1
D-244995;71.89;4
D-245112;139.67;50
D-245113;193.39;50
D-245119;72.73;50
D-245121;41.28;50
D-245123;41.28;50
D-245124;33.02;50
D-245141;7.40;50
D-245142;7.40;50
D-245143;7.40;50
D-245144;8.22;0
D-245145;7.40;50
D-245146;8.22;0
D-245147;7.40;50
D-245148;7.40;50
D-245149;10.70;50
D-245150;7.40;50
D-245151;20.62;50
D-245152;20.62;50
D-245167;10.70;50
D-245168;13.14;50
D-245169;16.12;50
D-245170;24.75;50
D-245171;28.51;50
D-245182;16.52;0
D-245183;11.56;50
D-245184;11.56;50
D-245185;11.56;0
D-245186;15.69;0
D-245191;34.70;0
D-245192;37.18;47
D-245193;37.18;50
D-245205;16.52;0
D-245206;16.52;0
D-245207;14.87;0
D-245208;14.04;0
D-245209;14.04;0
D-245210;11.56;31
D-245211;11.56;0
D-245213;11.56;0
D-245214;11.56;12
D-245215;35.53;0
D-245216;16.52;0
D-245237;28.92;0
D-245238;37.18;50
D-245239;16.52;0
D-245240;15.69;0
D-245241;16.52;34
D-245242;14.04;11
D-245243;19.83;21
D-245244;22.31;0
D-245248;19.83;0
D-245536;495.86;1
D-245537;272.72;1
D-245542;140.49;1
D-245550;45.45;0
D-245551;66.11;1
D-245552;47.93;0
D-245553;69.41;1
D-245554;51.23;0
D-245555;71.89;2
D-245640;24.75;50
D-245641;24.75;50
D-245649;7.36;50
D-245650;7.36;50
D-245885;24.79;30
D-245889;12.39;50
D-245890;8.26;12
D-245968;14.87;50
D-245969;14.87;41
D-245975;14.04;0
D-245979;193.38;1
D-245981;228.09;2
D-245984;212.39;0
D-245988;14.04;50
D-245989;14.04;50
D-245990;14.04;50
D-245991;16.52;41
D-245992;16.52;46
D-245993;14.04;50
D-245994;14.04;50
D-245995;14.04;50
D-245996;14.04;50
D-246203;45.45;10
D-246204;66.11;9
D-246207;61.98;0
D-246208;53.71;5
D-246263;81.81;0
D-246279;12.39;50
D-246280;12.39;50
D-246315;81.81;0
D-246334;238.01;2
D-246388;33.05;18
D-246389;31.40;20
D57-149022LL;11.56;0
D57-149022RS;11.56;50
D57-149022TR;11.56;50
D57-149023LL;11.56;50
D57-149023RS;11.56;50
D57-149023TR;11.56;50
PD3360-21;29.74;0
PD3360-23;29.74;12
PD3361-21;38.01;21
PD3361-23;38.01;0
PD3366-21;28.92;49
PD3366-23;28.92;17
PD3367-21;35.53;18
PD3367-23;33.05;5
PD3373-21;34.70;26
PD3373-29;34.70;12
PD3374-21;39.66;50
PD3374-29;39.66;22
PD3376-12;49.58;0
PD3378-21;57.84;29
PD3669-23;52.88;15
PD3941-23;39.66;10
PD3948-21;28.92;43
PD4110-21;27.26;3
PD4111-21;29.74;17
PD4112-21;31.40;5
PD4113-21;36.36;15
PD4114-21;36.36;18
PD4114-29;36.36;5
PD4115-21;41.31;3
PD4115-23;39.66;10
PD4116-21;23.13;16
PD4117-21;26.44;18
PD4117-29;24.79;7
PD4119-21;33.05;0
PD4119-23;31.40;0
PD4120-21;29.74;24
PD4127-21;82.64;3
PD4135-23;16.52;17
PD4429-23;21.48;14
PD4776-23;62.80;5
PD5641-21;57.84;2
PD5642-21;61.98;2
PD5819-12;54.54;18
PD5902-23;17.35;26
PD5904-23;17.35;8
PD5905-23;11.56;44
PD5912-23;8.26;18
PD5921-23;15.69;4
PD5922-23;17.35;4
PD5923-23;61.15;25
PD5930-23;31.40;9
PD5966-23;6.60;34
RD 202;132.22;6
RD 208;115.69;11
RD 227;23.13;26
RD410;279.33;1
RD412;123.96;2
RD509;115.69;10
RD512;105.78;12
RD517;229.74;7
RD631-21;206.60;3
RD632-21;165.28;6
D-216069;11.53;50
D-216070;11.53;0
D-216242;16.52;0
D-222823;31.36;8
D-222832;45.41;5
D-222910;23.13;2
D-230704;19.79;0
D-238288;24.79;3
D-238289;24.79;0
D-244185;18.17;47
D-244186;18.17;44
D-244197;23.13;13
D-244198;23.13;0
D-244203;23.96;17
D-244204;23.96;13
D-244219;27.26;11
D-244220;27.26;3
D-244221;29.74;11
D-244222;29.74;4
D-244239;32.22;16
D-244240;32.22;4
D-244709;22.27;50
D-244710;23.10;50
D-244711;24.75;50
D-244931;68.55;0
D-244932;71.03;2
D-244933;76.82;6
D-244934;88.39;4
D-244935;89.21;0
D-244936;58.64;6
D-244937;66.90;2
D-244938;84.26;7
D-244939;108.22;0
D-216082;23.10;50
D-216083;28.88;50
D-216084;23.10;50
D-216085;23.93;50
D-216086;24.75;50
D-216087;23.10;50
D-216088;23.93;50
D-216089;23.93;50
D-216090;24.75;50
D-216091;24.75;50
D-216092;23.93;50
D-216093;23.10;50
D-216094;23.93;50
D-216095;33.02;50
D-216096;28.88;50
D-216097;23.93;50
D-216098;30.54;50
D-216099;28.88;50
D-216100;26.44;50
D-216101;30.54;50
D-216102;26.44;50
D-216103;28.88;50
D-216105;35.50;50
D-216106;24.75;50
D-216107;28.88;50
D-216108;35.50;50
D-216112;28.88;50
D-216113;28.88;50
D-216114;30.54;50
D-219167;21.45;0
D-219327;22.31;0
D-219328;21.45;0
D-219329;21.45;0
D-219330;21.45;0
D-223360;34.70;50
D-223362;41.28;50
D-223363;34.70;50
D-223364;42.97;42
D-223365;42.97;50
D-223367;53.71;36
D-223368;47.10;50
D-224100;13.22;0
D-224101;15.50;50
D-224102;20.45;15
D-224103;20.54;0
D-224104;14.01;0
D-224108;16.12;0
D-226641;14.01;0
D-227141;20.62;50
D-227142;20.62;18
D-227143;24.75;50
D-227144;24.75;50
D-227145;24.75;50
D-227146;28.88;50
D-227147;28.88;50
D-227148;28.88;50
D-227290;35.50;0
D-227291;35.50;0
D-227292;41.28;4
D-227293;41.28;50
D-227294;29.74;50
D-227295;35.50;50
D-227296;29.74;50
D-228517;22.31;3
D-228522;18.17;1
D-228523;20.65;0
D-228525;18.17;5
D-230570;82.64;7
D-230577;74.37;6
D-231161;33.02;18
D-231901;24.75;30
D-231905;22.27;50
D-231911;16.49;50
D-231913;18.97;37
D-231915;14.01;50
D-231917;27.23;0
D-231919;23.93;50
D-231921;14.01;50
D-232187;24.75;11
D-232473;18.97;50
D-232475;21.45;30
D-232476;23.10;50
D-232477;18.14;46
D-232478;22.31;50
D-232479;19.79;50
D-232480;20.62;50
D-232481;18.14;50
D-232482;14.83;50
D-232483;21.45;9
D-232484;20.62;4
D-232485;24.75;33
D-232486;18.14;50
D-232487;18.97;6
D-233055;38.01;6
D-233092;36.36;1
D-233093;28.92;1
D-233095;33.05;4
D-233100;37.18;1
D-234618;20.65;2
D-234619;20.65;3
D-236497;49.58;7
D-236498;49.58;9
D-236499;14.87;23
D-236500;17.35;9
D-236501;19.83;7
D-236502;24.79;0
D-236504;39.66;2
D-236505;19.83;8
D-236506;24.79;6
D-236507;41.31;0
D-236509;66.11;6
D-236517;23.13;13
D-236518;36.36;2
D-236520;33.05;9
D-236521;41.31;14
D-236523;24.79;8
D-236524;24.79;5
D-236525;24.79;15
D-236528;33.05;0
D-236531;39.66;2
D-236532;36.36;8
D-236616;48.75;11
D-236617;48.75;4
D-236619;62.80;11
D-236620;57.02;11
D-236622;65.28;7
D-236623;65.28;20
D-236624;70.24;9
D-236625;86.77;17
D-236627;81.81;4
D-236628;81.81;6
D-236629;81.81;5
D-236630;98.34;10
D-236631;107.43;8
D-236632;107.43;3
D-236633;119.83;7
D-236641;43.79;1
D-236642;39.66;7
D-236645;33.05;14
D-236647;52.88;2
D-236648;47.93;12
D-245886;20.65;50
PD5308-11;24.79;8
PD5308-12;24.79;16
PD5501-21;17.35;0
PD5502-21;19.83;0
PD5502-23;19.83;2
PD5503-21;24.79;14
PD5503-23;24.79;0
PD5503-29;24.79;12
PD5504-21;31.40;4
PD5504-23;31.40;6
PD5504-29;31.40;5
PD5505-21;39.66;0
PD5505-23;39.66;8
PD5506-21;24.79;42
PD5507-21;31.40;2
PD5507-29;34.70;15
PD5508-21;36.36;11
PD5508-23;36.36;2
PD5508-29;36.36;4
PD5509-21;41.31;0
PD5509-23;41.31;6
PD5509-29;41.31;0
PD5510-21;49.58;2
PD5510-23;49.58;1
PD5511-21;54.54;2
PD5511-23;54.54;4
PD5511-29;54.54;8
PD5530-21;14.87;1
PD5534-21;66.11;6
PD5560-21;37.18;2
D-210488;19.83;26
D-214797;51.23;3
D-214862;66.11;24
D-216068;16.49;50
D-218537;66.11;38
D-219486;20.65;7
D-220374;34.70;0
D-220375;34.70;8
D-220429;28.92;2
D-220435;34.70;18
D-222027;123.14;8
D-223295;17.35;2
D-223949;25.61;7
D-226613;41.31;0
D-226614;45.45;10
D-226634;42.97;3
D-226636;61.15;5
D-226639;28.92;15
D-228791;39.63;0
D-228792;39.63;8
D-231292;61.94;31
D-231293;68.55;0
D-231294;61.94;17
D-231386;71.03;0
D-231881;69.38;30
D-231882;69.38;4
D-231883;69.38;0
D-231884;69.38;22
D-234387;45.41;50
D-234390;42.93;50
D-234785;29.74;45
D-236538;78.50;9
D-236561;82.64;7
D-236998;33.05;35
D-237566;42.97;0
D-237567;38.83;8
D-237568;45.45;13
D-238047;31.40;4
D-238048;52.88;7
D-238049;23.96;15
D-238051;29.74;19
D-238052;28.92;2
D-238053;31.40;8
D-238054;27.26;0
D-238055;29.74;10
D-238087;56.19;30
D-238088;56.19;47
D-238729;38.83;0
D-238730;34.70;3
D-241414;23.96;2
D-242066;37.18;50
D-242905;36.36;0
D-243049;46.27;0
D-244019;44.59;30
D-244205;24.79;0
D-244206;24.79;16
D-244506;24.79;7
D-244512;19.83;15
D-244513;19.83;19
D-244528;37.15;50
D-244708;41.28;0
D-244718;33.02;50
D-244719;37.15;50
D-245120;41.28;50
D-245194;27.26;50
D-245224;23.96;35
D-245225;23.96;50
D-245226;23.96;50
D-245227;23.96;50
D-245468;99.17;9
D-245469;99.17;5
D-245851;28.92;15
D-245852;28.92;17
D-245853;28.92;19
D-245854;28.92;19
D-245855;28.92;16
D-245881;24.79;31
D-245954;27.26;17
D-246241;47.10;2
D-246316;81.81;3
PD4777-23;115.69;7
PD4782-23;68.59;5
D-195373;112.39;2
D-195375;39.63;49
D-197909;23.93;17
D-197910;34.67;17
D-211807;18.17;18
D-211808;18.17;0
D-213424;41.31;1
D-216033;12.39;50
D-216034;12.39;37
D-216037;12.39;50
D-216042;8.22;50
D-216043;11.49;50
D-216044;13.14;50
D-216045;15.66;50
D-216226;19.00;25
D-216227;19.00;2
D-216230;19.00;6
D-216233;20.65;8
D-216234;22.31;2
D-216238;21.48;2
D-216248;23.13;13
D-221728;20.65;12
D-221851;20.65;1
D-221854;20.62;0
D-221855;20.62;1
D-221856;20.62;0
D-222807;19.79;4
D-222809;23.93;6
D-222814;24.75;0
D-222819;31.36;3
D-222820;31.36;3
D-222821;30.54;20
D-222826;33.84;0
D-222827;37.15;2
D-222828;37.15;0
D-222834;51.23;0
D-222837;61.98;0
D-222871;113.18;1
D-222872;104.95;0
D-222873;106.60;2
D-222962;37.15;0
D-222965;35.50;2
D-222968;37.18;2
D-223967;12.39;1
D-228518;16.52;2
D-233070;28.09;0
D-234777;19.00;50
D-238045;37.18;0
D-244858;19.83;2
D-205429;40.49;0
D-205430;82.60;0
D-205431;35.50;0
D-205432;40.49;0
D-205433;45.41;2
D-210440;98.34;1
D-215384;27.26;2
D-215523;33.05;2
D-221992;14.87;0
D-222074;12.36;50
D-222076;12.36;50
D-223298;52.06;0
D-223621;38.83;1
D-223803;29.74;4
D-223816;23.13;0
D-223822;110.74;2
D-223952;7.43;0
D-223953;7.43;0
D-223954;7.43;0
D-225044;19.83;0
D-225048;20.65;0
D-229285;41.28;50
D-229330;33.02;13
D-229332;33.02;3
D-229333;33.02;0
D-229334;33.02;0
D-229336;37.15;2
D-236983;19.83;50
D-236984;18.17;50
D-238781;15.69;50
D-238782;12.39;50
D-238783;23.13;50
D-238784;23.13;50
D-241444;18.17;0
D-242870;8.22;50
D-242871;10.70;50
D-242872;12.36;50
D-242883;14.01;50
D-242884;14.01;50
D-242885;14.01;50
D-242886;14.01;50
D-244426;14.83;50
D-244427;16.49;50
D-244428;16.49;50
D-244429;18.97;50
D-244430;18.97;50
D-244431;20.62;50
D-195894;34.70;0
D-195940;28.92;40
D-195942;28.92;50
D-203011;27.26;36
D-211167;66.11;13
D-211733;34.70;44
D-220157;16.49;50
D-220159;41.28;21
D-221044;49.58;1
D-221317;28.88;50
D-221318;28.88;50
D-221320;28.88;0
D-221321;29.71;0
D-221323;28.88;0
D-223909;16.49;0
D-227617;20.62;0
D-227632;20.62;50
D-227633;20.62;0
D-227635;20.62;0
D-227636;20.62;0
D-231044;90.90;2
D-232968;180.99;4
D-232969;180.98;1
D-233071;28.09;2
D-233073;47.93;1
D-233074;61.98;2
D-236562;115.69;8
D-236973;37.18;5
D-237765;147.93;7
D-237766;147.93;6
D-237767;180.98;0
D-237768;180.98;2
D-238037;61.98;5
D-238039;37.18;9
D-238041;29.74;14
D-238042;59.50;5
D-238043;60.32;0
D-239749;37.15;30
D-239750;37.15;5
D-242815;28.92;3
D-244028;54.54;13
D-244053;38.83;28
D-244054;19.83;30
D-244055;19.83;16
D-244056;19.83;41
D-244057;19.83;33
D-244059;21.48;5
D-244504;22.31;8
D-244519;33.88;9
D-244540;38.83;8
D-244706;41.28;50
D-244707;41.28;0
D-245195;45.45;15
D-245249;51.23;36
D-245849;38.83;4
D-245850;38.83;16
D-245949;45.45;16
PD4633-23;34.70;49
PD4770-23;80.16;7
PD4772-23;90.90;1
PD4794-23;90.90;4
PD4795-23;99.17;14
D-205442;99.17;20
D-205448;198.34;50
D-205449;235.53;9
D-205453;13.21;3
D-205454;13.21;3
D-210441;173.55;6
D-211770;33.02;14
D-211771;33.02;38
D-211772;33.02;17
D-215521;235.53;5
D-217900;123.96;4
D-218220;107.43;50
D-218222;136.36;17
D-219423;49.58;1
D-219653;34.70;7
D-220142;34.70;3
D-220353;28.92;20
D-220380;42.97;16
D-220388;34.70;0
D-220960;26.44;50
D-220961;26.44;50
D-220962;30.54;50
D-220963;30.54;50
D-220964;26.44;50
D-220965;26.44;50
D-220966;35.50;50
D-220967;35.50;50
D-220968;45.41;50
D-220969;23.93;50
D-220980;24.75;37
D-220981;24.75;0
D-220982;50.36;50
D-220983;50.36;50
D-220984;54.46;50
D-220985;54.46;50
D-220986;50.36;50
D-220987;50.36;50
D-220988;59.42;50
D-220989;59.42;50
D-220990;51.19;0
D-220991;51.19;0
D-220992;55.29;0
D-220993;55.29;0
D-220994;51.19;0
D-220995;51.19;0
D-220996;60.25;0
D-220998;70.17;37
D-221041;82.64;4
D-221652;157.02;2
D-223223;9.91;7
D-223224;31.40;0
D-223293;8.26;36
D-223824;55.36;0
D-224010;93.38;1
D-225017;11.56;12
D-225018;11.56;0
D-225043;25.61;0
D-225065;29.74;0
D-225325;10.74;3
D-228728;19.83;17
D-229547;60.25;0
D-234352;16.49;50
D-234353;16.49;50
D-234354;33.02;0
D-234355;16.49;50
D-234356;16.49;50
D-236491;49.58;6
D-236492;49.58;23
D-236493;54.54;3
D-236495;66.11;16
D-238163;123.96;18
D-238327;38.01;1
D-238328;93.38;0
D-238411;31.40;0
D-239835;214.87;10
D-241430;80.98;6
D-241561;41.28;50
D-241562;41.28;50
D-243059;104.12;9
D-243060;194.21;2
D-243811;21.48;0
D-246189;99.17;7
D-246205;74.37;10
D-246268;10.74;1
D-246269;10.74;2
D-246270;10.74;0
D37-149049;26.44;0
PD3250-23;35.53;5
PD3253-23;24.79;22
PD3255-20;34.70;33
PD3259-23;18.17;0
PD3260-14;24.79;26
PD3260-20;14.87;19
PD3260-23;14.87;4
PD3270-23;57.84;6
PD3288-00;31.40;9
PD3289-00;54.54;16
RD 239;27.26;2
RD511;89.25;15
RD528;61.15;11
D-225072;16.52;0
D-149107;12.36;50
D15001;22.31;6
D15002;22.31;7
D15003;22.31;8
D15004;22.31;7
D15005;22.31;9
D-194309;57.02;17
D-194494;15.69;19
D-194499;19.79;35
D-194541;40.50;46
D-195010;131.41;3
D-195011;131.41;1
D-195024;164.46;9
D-195025;57.02;5
D-195036;131.41;3
D-195037;131.40;1
D-195208;9.88;50
D-195880;18.17;50
D-195881;18.17;50
D-195882;28.92;11
D-195890;51.23;28
D-195921;49.58;11
D-195922;40.49;0
D-195930;12.36;50
D-195931;20.62;6
D-195947;28.92;21
D-195950;28.92;39
D-195989;11.56;50
D-195990;11.56;50
D-196289;15.69;50
D-196290;15.69;43
D-196292;15.69;6
D-196599;28.92;3
D-196600;28.92;5
D-196740;139.67;7
D-196741;139.66;4
D-196742;139.67;8
D-196916;156.19;4
D-196917;156.19;4
D-196918;156.20;5
D-196955;21.48;0
D-196958;21.48;6
D-196965;41.31;12
D-196970;23.96;0
D-196979;33.05;0
D-196991;66.07;22
D-197302;17.35;2
D-197307;17.35;6
D-197308;17.35;3
D-197309;17.35;8
D-197310;17.35;0
D-197311;17.35;5
D-197318;14.04;0
D-197714;20.65;0
D-197715;20.65;50
D-197716;20.65;25
D-197820;20.65;50
D-197821;20.65;0
D-197823;18.17;50
D-197824;15.69;0
D-197826;15.69;50
D-197827;18.17;50
D-197829;18.17;0
D-199355;15.69;50
D-199361;28.92;20
D-199362;28.92;9
D-199363;28.92;23
D-199367;20.65;50
D-199368;15.69;50
D-199369;20.65;50
D-199370;15.69;50
D-199371;15.69;50
D-199373;18.17;50
D-199374;20.65;50
D-199375;20.65;0
D-199835;98.34;3
D-199836;98.34;5
D-199961;26.44;30
D-199992;28.92;50
D-202511;131.41;8
D-202512;131.40;2
D-202513;131.41;3
D-202524;16.52;4
D-202530;33.05;21
D-202531;33.05;8
D-202532;31.36;11
D-202533;31.36;7
D-202535;26.44;10
D-202536;26.44;3
D-202541;29.74;1
D-202544;47.10;11
D-202545;47.10;7
D-202546;47.10;7
D-202935;17.35;3
D-202936;17.35;0
D-202940;18.17;8
D-203009;14.87;37
D-203010;28.92;30
D-203971;15.69;50
D-203973;34.70;2
D-203977;12.36;50
D-205157;12.36;50
D-205158;12.36;50
D-205177;34.67;0
D-205178;37.15;1
D-205179;19.79;28
D-205180;19.79;24
D-205181;15.69;0
D-205186;12.36;0
D-205188;22.27;9
D-205194;28.92;50
D-205196;34.70;50
D-205198;34.70;17
D-205199;34.70;7
D-205202;34.70;50
D-205203;28.92;50
D-205241;139.66;2
D-205242;139.66;1
D-205345;19.79;15
D-207041;60.32;3
D-207042;42.97;16
D-207043;70.24;19
D-207044;80.16;18
D-207045;53.71;10
D-207046;140.49;13
D-207053;33.02;5
D-207055;28.92;0
D-207057;20.65;20
D-207058;28.92;26
D-207064;34.70;6
D-207065;37.15;43
D-207429;34.70;50
D-207907;28.92;15
D-208183;19.83;2
D-208184;34.70;50
D-208185;20.65;50
D-208374;28.92;25
D-208375;34.70;17
D-208716;51.23;11
D-210283;15.69;20
D-210491;20.65;50
D-210492;18.17;50
D-210493;18.17;0
D-210494;18.17;50
D-210754;45.45;11
D-210962;20.65;50
D-211171;14.04;15
D-211172;15.69;0
D-211173;14.04;42
D-211700;42.97;7
D-211721;31.36;9
D-211735;18.17;50
D-211736;18.17;50
D-211737;26.44;7
D-211743;34.70;18
D-211744;18.17;50
D-211779;30.54;0
D-211780;12.36;0
D-211784;30.54;0
D-211785;37.15;19
D-211786;20.62;0
D-211787;12.36;0
D-211790;7.43;28
D-211791;7.43;28
D-211793;7.43;30
D-211794;7.43;11
D-211795;40.49;12
D-211801;22.27;50
D21-194164;22.27;1
D-212297;33.02;36
D-212299;33.02;25
D-212300;33.02;30
D-212339;37.15;0
D-212349;11.56;3
D-212422;28.09;8
D-212592;49.58;7
D-212593;33.05;12
D-212594;35.53;13
D-212595;49.58;34
D-212596;53.71;15
D-212601;13.21;43
D-212602;4.95;12
D-212604;4.95;0
D-212610;22.31;38
D-212632;37.15;0
D-212761;37.18;49
D-212762;37.18;50
D-212763;37.18;50
D-212764;24.79;39
D-212765;24.79;50
D-212766;24.79;50
D-213040;15.69;0
D-213043;15.69;0
D-213049;34.70;28
D-213099;35.50;50
D-213100;33.02;50
D-213143;33.02;7
D-213144;31.40;0
D-213225;27.19;50
D-213226;32.90;50
D-213227;24.75;50
D-213228;24.75;50
D-213229;49.58;50
D-213230;41.28;50
D-213231;45.41;50
D-213232;49.55;50
D-213233;24.75;50
D-213235;49.55;50
D-213236;30.50;50
D-213238;14.04;50
D-213239;14.04;50
D-213240;14.04;50
D-213241;18.17;50
D-213242;18.17;21
D-213243;18.17;0
D-213244;20.65;50
D-213245;20.65;50
D-213246;20.65;50
D-213247;33.02;50
D-213248;33.02;50
D-213249;33.02;50
D-213250;49.55;50
D-213251;42.97;50
D-213321;45.45;19
D-213408;55.33;50
D-213703;33.02;50
D-213743;81.81;15
D-213744;81.81;18
D-213745;81.81;24
D-213746;73.55;30
D-213747;73.55;18
D-213748;73.55;22
D-213803;48.76;20
D-213804;48.76;9
D-213805;68.60;11
D-213808;68.60;9
D-213809;73.55;8
D-213811;73.55;8
D-213812;73.55;12
D-213813;73.55;17
D-213822;98.35;1
D-213868;35.53;50
D-213870;38.83;28
D-213871;37.15;50
D-213872;20.65;50
D-213874;19.00;21
D-213875;23.88;50
D-213888;14.04;50
D-213889;22.27;50
D-214084;45.41;1
D-214605;55.33;50
D-214615;23.93;50
D-214793;15.69;0
D-214794;66.07;2
D-214859;57.84;0
D-214860;54.54;12
D-214861;49.58;0
D-215130;33.02;50
D-215131;33.02;50
D-215132;27.26;0
D-215133;27.26;50
D-215134;30.57;50
D-215135;30.57;0
D-215139;28.92;50
D-215163;99.96;3
D-215164;99.96;1
D-215643;53.72;24
D-215644;53.72;12
D-215645;53.72;9
D-216046;11.16;33
D-216047;11.16;50
D-216048;11.16;0
D-216049;7.02;50
D-216050;7.02;50
D-216051;11.98;33
D-216052;11.98;0
D-216064;16.49;50
D-216066;13.97;50
D-216067;16.49;50
D-216071;24.75;50
D-216072;24.75;50
D-216073;23.55;50
D-216074;23.55;50
D-216075;23.55;50
D-216076;23.55;50
D-216077;24.75;50
D-216078;24.75;50
D-216079;23.55;50
D-216080;23.55;50
D-216593;3.26;0
D-216594;10.70;2
D-216847;33.05;11
D-217131;26.86;50
D-217903;24.79;6
D-217904;24.79;2
D-217985;4.95;50
D-217987;4.95;50
D-217988;4.95;50
D-218165;57.81;50
D-218166;45.41;50
D-218167;42.89;50
D-218168;46.20;50
D-218169;56.98;31
D-218170;55.33;0
D-218353;12.36;50
D-218354;12.36;50
D-218355;12.36;50
D-218356;7.43;50
D-218357;7.43;50
D-218358;7.43;50
D-218359;9.88;50
D-218360;9.88;50
D-218361;9.88;50
D-218362;7.43;50
D-218363;7.43;50
D-218364;7.43;50
D-218436;37.98;18
D-218437;37.98;0
D-218438;31.36;31
D-218439;57.81;0
D-218440;50.37;48
D-218441;53.68;0
D-218442;55.33;24
D-218443;53.68;0
D-218444;52.02;2
D-218445;61.94;50
D-218476;33.02;50
D-218479;33.02;50
D-218511;33.02;50
D-218512;30.17;50
D-218513;33.02;50
D-218514;49.58;50
D-218515;45.41;40
D-218516;40.49;50
D-218517;29.96;50
D-218518;29.96;43
D-218520;24.75;0
D-218545;37.15;0
D-218624;56.16;50
D-218757;15.69;0
D-218766;15.69;0
D-218767;15.69;0
D-219166;22.27;5
D-219181;20.62;22
D-219182;19.79;0
D-219186;66.07;14
D-219188;66.07;7
D-219189;66.07;9
D-219193;51.23;0
D-219200;28.92;50
D-219208;19.79;27
D-219212;15.69;12
D-219240;19.79;34
D-219242;12.36;36
D-219243;6.60;0
D-219251;12.36;25
D-219253;12.36;35
D-219260;14.01;50
D-219308;15.69;6
D-219317;23.96;30
D-219319;15.69;50
D-219322;19.83;30
D-219384;19.83;8
D-219435;28.92;17
D-219438;34.70;11
D-219471;66.07;0
D-219488;28.92;7
D-219489;28.92;0
D-219601;34.70;14
D-219602;34.70;7
D-219649;18.17;27
D-219961;24.75;0
D-219973;20.65;22
D-219974;20.65;15
D-220005;34.70;15
D-220006;42.97;6
D-220066;37.15;50
D-220067;37.15;50
D-220068;37.15;50
D-220069;37.15;50
D-220110;37.15;0
D-220111;37.15;50
D-220119;49.55;50
D-220156;16.49;50
D-220160;16.49;50
D-220221;55.33;50
D-220241;20.65;25
D-220338;18.17;50
D-220379;34.70;50
D-220383;15.69;50
D-220386;15.69;0
D-220391;20.65;6
D-220468;59.50;0
D-220470;20.62;0
D-220471;15.69;6
D-220472;66.07;13
D-220473;37.15;47
D-220945;22.31;50
D-221008;22.31;35
D-221060;29.74;39
D-221068;8.22;50
D-221069;8.22;50
D-221086;8.22;50
D-221087;6.57;50
D-221088;6.57;0
D-221089;6.57;50
D-221090;9.88;50
D-221091;9.88;50
D-221092;9.88;50
D-221094;16.49;50
D-221095;16.49;50
D-221096;16.49;0
D-221097;16.49;50
D-221098;16.49;50
D-221099;24.75;0
D-221100;24.75;0
D-221101;24.75;0
D-221102;24.75;50
D-221103;24.75;0
D-221104;24.75;26
D-221110;9.91;0
D-221111;9.91;0
D-221112;9.91;0
D-221113;8.22;0
D-221114;8.22;50
D-221115;8.22;0
D-221116;45.41;50
D-221117;45.41;50
D-221118;56.16;50
D-221119;56.16;50
D-221120;56.16;50
D-221123;214.87;5
D-221125;24.75;50
D-221126;24.75;50
D-221128;20.62;50
D-221129;20.62;50
D-221130;19.79;50
D-221131;19.79;50
D-221243;123.13;19
D-221244;123.13;0
D-221247;123.13;7
D-221253;19.00;0
D-221264;24.75;50
D-221265;24.75;50
D-221267;24.75;50
D-221268;24.75;0
D-221309;39.63;50
D-221310;41.28;50
D-221312;26.86;28
D-221313;45.41;0
D-221314;45.41;50
D-221315;33.02;50
D-221319;28.88;50
D-221322;30.54;33
D-221377;90.07;16
D-221378;90.07;9
D-221379;90.07;17
D-221814;12.36;1
D-221833;41.31;4
D-221888;10.70;50
D-221889;37.15;50
D-222028;147.93;5
D-222694;55.33;20
D-223000;24.79;50
D-223001;24.79;50
D-223002;23.96;50
D-223003;23.96;24
D-223004;23.96;50
D-223005;23.96;11
D-223006;23.96;50
D-223007;23.96;50
D-223008;23.96;50
D-223009;23.96;50
D-223010;24.79;0
D-223011;24.79;50
D-223012;24.79;50
D-223014;24.79;50
D-223015;24.79;50
D-223016;24.79;50
D-223017;20.65;50
D-223018;20.65;50
D-223019;23.13;50
D-223020;23.13;50
D-223021;23.96;50
D-223022;20.65;50
D-223023;23.13;0
D-223024;23.13;50
D-223025;23.13;24
D-223026;23.13;50
D-223027;20.65;50
D-223028;20.65;50
D-223029;20.65;50
D-223030;20.65;50
D-223177;23.93;0
D-223178;23.93;0
D-223220;24.79;0
D-223222;17.35;0
D-223292;80.98;1
D-223320;53.72;2
D-223322;12396.69;1
D-223323;53.72;5
D-223373;1892.56;1
D-223374;2057.85;1
D-223375;1396.69;1
D-223376;73.55;1
D-223604;23.13;5
D-223633;26.44;3
D-223635;37.18;5
D-223636;76.02;2
D-223805;37.18;1
D-223807;9.08;0
D-223814;17.35;5
D-223815;17.35;1
D-223944;51.23;0
D-223957;8.26;2
D-223966;12.39;1
D-223970;9.91;2
D-223982;42.93;40
D-223984;42.93;7
D-224009;19.00;3
D-224085;58.64;0
D-224087;55.33;0
D-224092;20.65;50
D-224095;20.62;50
D-224096;20.65;50
D-224097;20.65;50
D-224099;20.65;50
D-224111;33.02;50
D-224112;24.75;50
D-224162;48.75;12
D-224941;33.02;0
D-224998;28.92;2
D-225000;28.92;0
D-225009;75.20;0
D-225012;28.09;2
D-225015;28.09;2
D-225022;14.87;0
D-225034;16.52;5
D-225046;15.69;1
D-225063;29.74;0
D-225100;20.65;7
D-225102;20.65;50
D-225103;20.65;50
D-225104;20.65;50
D-225227;18.17;1
D-225233;62.80;1
D-225250;56.19;2
D-225376;37.15;50
D-225379;30.57;50
D-225380;30.57;50
D-225611;24.79;50
D-225612;24.79;50
D-225613;24.79;48
D-225614;24.79;50
D-225615;24.79;50
D-225616;28.09;2
D-225670;139.66;6
D-225671;139.66;0
D-225672;139.66;2
D-225733;45.41;50
D-225734;45.41;50
D-225735;45.41;50
D-225739;55.33;9
D-226619;28.09;4
D-226620;33.88;2
D-226678;16.52;50
D-226681;15.69;50
D-226760;39.63;25
D-226762;39.63;26
D-226864;20.65;50
D-226942;61.12;14
D-226992;41.28;0
D-227061;27.26;36
D-227080;41.28;0
D-227081;41.28;50
D-227082;41.28;50
D-227083;41.28;50
D-227084;60.32;27
D-227085;60.32;23
D-227086;57.81;0
D-227087;57.81;33
D-227088;41.28;50
D-227089;41.28;50
D-227091;53.71;0
D-227092;49.58;50
D-227093;49.58;39
D-227171;90.07;3
D-227201;22.31;50
D-227204;23.96;50
D-227207;13.21;50
D-227208;12.36;50
D-227250;15.69;2
D-227298;69.38;0
D-227550;45.45;50
D-227551;45.45;50
D-227552;45.45;50
D-227553;45.45;50
D-227554;45.45;50
D-227555;45.45;50
D-227556;45.45;50
D-227557;45.45;50
D-227558;45.45;50
D-227559;45.45;50
D-227560;45.45;50
D-227561;45.45;50
D-227562;45.45;3
D-227563;45.45;50
D-227564;45.45;50
D-227565;45.45;40
D-227567;45.45;45
D-227568;45.45;50
D-227569;45.45;50
D-227590;45.45;50
D-227591;45.45;50
D-227592;45.45;21
D-227593;45.45;0
D-227611;16.49;50
D-227985;23.13;2
D-228031;19.83;27
D-228033;22.31;7
D-228110;37.98;33
D-228111;37.98;0
D-228112;35.50;29
D-228120;164.45;6
D-228121;164.45;5
D-228296;28.92;3
D-228297;28.92;4
D-228300;56.16;32
D-228358;194.21;1
D-228433;11.56;13
D-228450;28.88;50
D-228451;28.88;50
D-228452;28.88;50
D-228453;28.88;50
D-228456;28.88;50
D-228457;28.88;40
D-228458;28.88;50
D-228459;28.88;50
D-228460;28.88;50
D-228461;28.88;50
D-228556;33.02;50
D-228558;35.53;50
D-228559;33.02;0
D-228560;70.24;50
D-228563;26.44;50
D-228564;33.02;33
D-228565;35.53;50
D-228566;30.57;48
D-228567;33.02;50
D-228568;28.92;50
D-228570;28.93;50
D-228653;34.70;0
D-228726;12.39;0
D-229085;139.67;6
D-229086;139.66;4
D-229087;139.67;14
D-229141;47.10;2
D-229142;66.11;1
D-229169;20.62;0
D-229170;20.62;2
D-229171;31.40;2
D-229172;31.40;0
D-229173;31.40;0
D-229174;44.62;7
D-229175;44.62;3
D-229195;71.03;37
D-229367;164.45;3
D-229368;164.46;7
D-229593;38.80;0
D-229633;18.14;20
D-229762;9.91;33
D-229763;9.91;0
D-229765;9.91;50
D-229769;19.00;50
D-229770;16.52;45
D-229771;6.60;50
D-229772;7.43;50
D-229773;19.00;50
D-229781;31.36;12
D-229782;31.36;0
D-229784;31.36;15
D-229785;31.36;35
D-229788;45.41;28
D-229797;24.79;50
D-229921;31.36;10
D-229922;31.36;46
D-229923;31.36;43
D-229929;60.32;4
D-229932;27.23;28
D-229933;27.23;5
D-229941;41.32;14
D-229992;27.23;13
D-229993;27.23;47
D-230000;24.79;0
D-230002;24.75;50
D-230152;39.63;19
D-230516;16.49;50
D-230517;16.49;50
D-230518;16.49;0
D-230519;10.74;0
D-230520;10.74;0
D-230521;10.74;50
D-230522;10.74;0
D-230523;10.74;0
D-230534;13.21;0
D-230587;90.90;10
D-230588;66.11;12
D-230694;56.98;0
D-230696;57.84;0
D-230703;412.39;2
D-230710;48.75;0
D-230712;48.75;7
D-230713;48.75;9
D-230750;60.32;1
D-230968;35.50;50
D-230977;156.19;4
D-230978;156.19;0
D-230979;156.19;1
D-230983;45.41;50
D-230989;45.04;50
D-230990;42.93;50
D-230991;33.02;0
D-231028;133.02;0
D-231046;42.97;13
D-231057;32.22;0
D-231058;18.17;0
D-231083;61.94;0
D-231084;66.90;19
D-231085;69.38;13
D-231141;44.59;0
D-231142;44.59;0
D-231154;28.92;17
D-231163;15.66;50
D-231189;68.55;0
D-231199;99.17;1
D-231265;49.55;21
D-231266;49.55;1
D-231270;61.12;20
D-231271;61.12;24
D-231309;61.94;31
D-231310;66.07;13
D-231336;180.98;8
D-231337;180.98;5
D-231338;6.60;50
D-231420;53.68;23
D-231421;52.85;1
D-231422;52.85;28
D-231425;62.77;9
D-231426;62.77;17
D23-149040LL;6.60;50
D23-149040RS;6.60;50
D-231712;55.33;0
D-231713;55.33;50
D-231759;55.36;2
D-231760;66.93;0
D-231762;40.49;1
D-231806;66.90;11
D-232080;41.28;1
D-232081;41.28;22
D-232089;156.20;4
D-232090;156.20;6
D-232091;86.78;10
D-232093;90.08;8
D-232094;78.51;3
D-232095;78.51;7
D-232096;81.82;1
D-232137;39.63;25
D-232138;39.63;9
D-232144;52.85;32
D-232145;52.85;50
D-232168;71.03;7
D-232170;71.03;14
D-232196;110.74;0
D-232197;99.17;2
D-232198;110.74;2
D-232200;99.17;1
D-232201;99.17;1
D-232418;41.28;50
D-232419;42.97;50
D-232420;33.02;50
D-232421;46.27;50
D-232424;33.02;50
D-232425;41.28;50
D-232430;147.93;4
D-232431;147.93;2
D-232432;147.93;3
D-232433;45.41;50
D-232435;40.49;50
D-232436;61.94;0
D-232437;49.58;50
D-232438;60.32;50
D-232439;28.92;50
D-232441;40.49;50
D-232442;37.15;6
D-232443;61.94;35
D-232444;37.15;50
D-232445;41.31;50
D-232449;24.75;50
D-232450;61.94;50
D-232453;33.02;50
D-232454;33.02;50
D-232455;49.55;50
D-232456;45.41;50
D-232457;45.41;50
D-232458;43.76;50
D-232459;61.94;0
D-232460;33.02;50
D-232462;41.28;0
D-232463;37.18;0
D-232464;19.00;50
D-232465;35.53;0
D-232466;37.18;48
D-232468;57.81;50
D-232474;18.97;0
D-232586;82.60;50
D-232587;82.60;50
D-232590;74.34;50
D-232593;51.20;21
D-232594;51.20;18
D-232595;50.37;4
D-232596;50.37;0
D-232650;90.08;10
D-232651;106.60;6
D-232652;106.60;6
D-232677;29.74;50
D-232730;46.24;12
D-232731;46.24;16
D-232817;49.55;20
D-232818;49.55;29
D-232823;66.90;10
D-232926;62.77;15
D-232927;62.77;19
D-232929;58.64;2
D-232970;180.99;0
D-233012;35.50;50
D-233013;35.50;10
D-233020;23.10;29
D-233021;23.10;50
D-233022;23.93;50
D-233035;45.45;4
D-233043;57.02;1
D-233044;57.02;0
D-233075;46.27;1
D-233085;69.41;0
D-233246;22.31;26
D-233247;23.13;10
D-233252;24.79;30
D-233253;24.79;6
D-233262;81.81;7
D-233263;81.81;7
D-233264;81.81;13
D-233265;81.82;3
D-233266;81.82;0
D-233393;23.10;22
D-233394;45.41;10
D-233395;45.41;32
D-233396;28.88;1
D-233398;28.88;0
D-233399;28.88;14
D-233447;66.11;0
D-233467;33.05;7
D-233530;62.77;50
D-234318;62.77;50
D-234319;62.77;0
D-234323;71.03;50
D-234324;71.03;50
D-234325;71.03;0
D-234329;37.15;23
D-234331;57.02;3
D-234332;57.02;3
D-234333;57.02;2
D-234334;57.02;2
D-234335;57.02;1
D-234336;57.02;6
D-234357;23.93;50
D-234358;20.62;50
D-234359;28.51;32
D-234360;28.51;19
D-234383;20.62;1
D-234384;20.62;50
D-234389;56.16;50
D-234391;28.88;50
D-234412;28.88;6
D-234622;45.45;4
D-234626;53.71;3
D-234636;98.34;1
D-234651;90.07;2
D-234653;90.07;1
D-234751;66.07;50
D-234752;66.07;50
D-234753;66.07;50
D-234754;66.07;50
D-234759;8.22;50
D-234764;32.19;50
D-234765;33.02;50
D-234766;36.78;50
D-234767;33.02;21
D-234768;35.50;0
D-234769;35.50;0
D-234770;12.39;50
D-234771;12.39;45
D-234830;35.53;0
D-234831;53.68;25
D-234832;46.27;50
D-234833;46.27;50
D-234834;49.58;2
D-234863;37.15;34
D-234889;61.12;2
D-234891;68.55;28
D-234966;26.44;0
D-234967;22.27;0
D-234968;22.27;50
D-234969;22.27;50
D-234971;57.81;4
D-234972;57.81;16
D-234973;45.41;18
D-234981;12.36;0
D-235603;37.18;50
D-235629;23.93;0
D-235662;41.28;50
D-235663;37.15;0
D-235664;57.02;27
D-235665;57.02;23
D-235666;57.02;5
D-235667;57.02;33
D-235668;57.02;12
D-235670;106.60;1
D-235671;164.45;8
D-235672;164.45;6
D-235673;164.45;8
D-235674;164.45;4
D-235675;164.45;0
D-235689;164.45;2
D-235693;123.13;4
D-235734;28.92;1
D-235754;42.93;47
D-235763;164.46;3
D-235764;164.46;3
D-235765;164.46;2
D-235768;98.34;0
D-235770;98.34;3
D-235771;98.34;0
D-235772;98.34;0
D-235802;21.45;0
D-235821;49.58;0
D-235822;41.28;50
D-235823;41.28;50
D-235824;41.28;50
D-235971;81.81;9
D-235972;81.81;2
D-236024;33.02;19
D-236025;33.02;12
D-236027;33.02;1
D-236028;41.28;2
D-236029;41.28;8
D-236481;49.55;42
D-236503;31.40;7
D-236529;36.36;5
D-236559;376.02;2
D-236568;85.94;5
D-236569;103.30;1
D-236570;99.17;2
D-236649;90.90;12
D-236650;99.17;4
D-236964;31.36;50
D-236965;31.36;50
D-236966;23.13;42
D-236970;42.97;50
D-236971;35.53;6
D-236977;41.31;30
D-236978;41.31;13
D-236982;56.19;8
D-237012;45.45;26
D-237018;22.31;50
D-237019;33.05;43
D-237021;28.92;18
D-237027;26.44;0
D-237108;2471.07;1
D-237363;45.45;39
D-237364;45.45;27
D-237366;59.50;6
D-237368;38.83;20
D-237369;38.83;31
D-237370;45.45;50
D-237371;38.83;18
D-237372;70.24;11
D-237373;56.19;10
D-237377;29.74;12
D-237389;41.31;0
D-237393;45.45;15
D-237394;45.45;0
D-237395;45.45;0
D-237396;45.45;0
D-237400;42.97;15
D-237401;42.97;11
D-237402;22.31;50
D-237403;22.31;50
D-237404;28.92;0
D-237405;30.57;22
D-237406;28.09;50
D-237407;22.31;50
D-237408;23.96;50
D-237565;23.96;50
D-237573;35.53;50
D-237574;35.53;22
D-237579;23.96;21
D-237583;64.42;21
D-237584;64.42;0
D-237585;64.42;0
D-237586;39.63;12
D-237587;45.41;2
D-237589;51.20;38
D-237591;51.20;40
D-237592;51.20;0
D-237593;51.20;0
D-237601;42.11;4
D-237602;42.11;8
D-237603;42.11;21
D-237666;35.53;50
D-237667;45.45;50
D-237750;45.45;0
D-237779;45.45;1
D-237780;45.45;12
D-237781;45.45;5
D-237782;45.45;7
D-237783;49.58;11
D-237784;49.58;8
D-237785;49.58;10
D-237786;61.98;11
D-237788;61.98;6
D-237789;61.98;10
D-237790;66.11;9
D-237791;66.11;3
D-237792;66.11;0
D-237793;66.11;12
D-237794;66.11;6
D-237795;66.11;16
D-237796;66.11;10
D-237797;66.11;10
D-237798;61.98;7
D-237799;61.98;8
D-237800;61.98;0
D-237829;540.50;1
D-237919;44.62;4
D-237920;44.62;3
D-237932;26.44;0
D-237933;25.61;8
D-237935;25.61;2
D-237939;14.04;15
D-237940;15.69;0
D-237941;22.31;18
D-237942;15.69;0
D-237943;27.26;9
D-237952;42.14;18
D-237953;42.14;19
D-237954;45.45;6
D-237955;45.45;18
D-237968;31.40;6
D-237971;56.19;9
D-237973;56.19;10
D-237974;23.96;36
D-237975;23.96;29
D-237976;33.88;32
D-237977;33.88;33
D-237978;33.88;0
D-237979;25.61;14
D-237980;25.61;9
D-237981;40.49;15
D-237982;40.49;9
D-237983;39.66;16
D-237984;39.66;19
D-237985;23.96;27
D-237986;23.96;32
D-237987;26.44;46
D-237988;26.44;27
D-237995;25.61;18
D-237996;25.61;15
D-237998;33.05;16
D-237999;42.97;8
D-238000;42.97;0
D-238001;38.83;18
D-238003;42.14;9
D-238004;42.14;12
D-238056;33.88;0
D-238057;33.05;13
D-238058;14.87;50
D-238059;14.87;50
D-238060;20.65;28
D-238061;20.65;19
D-238062;15.69;29
D-238063;15.69;18
D-238064;23.13;31
D-238065;23.13;34
D-238066;17.35;34
D-238067;17.35;37
D-238068;17.35;30
D-238080;56.19;0
D-238081;56.19;38
D-238084;60.32;0
D-238085;45.45;1
D-238086;45.45;10
D-238089;27.26;50
D-238106;33.05;50
D-238107;33.05;50
D-238108;20.65;50
D-238109;31.40;39
D-238136;37.15;50
D-238269;74.37;12
D-238270;74.37;17
D-238271;74.37;14
D-238407;33.88;1
D-238408;33.88;1
D-238409;34.70;1
D-238692;42.97;15
D-238693;42.97;10
D-238694;42.97;6
D-238698;38.83;6
D-238699;38.83;6
D-238700;38.83;15
D-238701;38.83;5
D-238702;38.83;3
D-238703;38.83;5
D-238704;45.45;50
D-238708;42.97;12
D-238709;42.97;10
D-238710;42.97;7
D-238711;38.83;6
D-238713;38.83;12
D-238720;38.83;6
D-238722;38.83;17
D-238723;66.11;15
D-238724;66.11;14
D-238725;42.97;10
D-238726;42.97;3
D-238727;42.97;47
D-238728;57.81;50
D-238731;45.45;48
D-238734;26.44;50
D-238746;45.45;37
D-238747;51.23;0
D-238748;34.70;36
D-238772;39.66;7
D-238773;39.66;10
D-238776;27.26;8
D-238777;27.26;4
D-238778;27.26;0
D-238779;42.97;0
D-238780;42.97;11
D-238798;23.96;50
D-238799;42.93;5
D-239241;53.71;1
D-239242;61.98;2
D-239243;70.24;1
D-239258;52.88;1
D-239259;52.88;0
D-239260;52.88;3
D-239371;62.77;50
D-239372;62.77;32
D-239391;128.09;2
D-239392;91.73;2
D-239393;99.99;2
D-239394;105.78;0
D-239395;40.49;0
D-239397;50.41;1
D-239398;50.41;1
D-239400;65.28;2
D-239402;78.50;1
D-239489;64.42;33
D-239490;64.42;15
D-239512;66.07;50
D-239752;51.23;50
D-239753;51.23;50
D-239761;28.92;0
D-239773;29.74;50
D-239837;68.55;30
D-239838;61.12;25
D-239839;61.12;28
D-239895;73.55;3
D-239947;33.88;50
D-239972;42.11;0
D-240513;81.81;2
D-240514;81.81;0
D-240522;71.03;14
D-240544;34.70;18
D-240550;21.48;16
D-240551;71.03;50
D-240552;71.03;50
D-240553;71.03;42
D-240555;37.98;30
D-240556;42.97;15
D-240560;39.66;26
D-241180;22.27;50
D-241181;22.27;50
D-241182;12.39;50
D-241203;62.77;1
D-241204;61.94;3
D-241412;52.88;2
D-241413;52.88;1
D-241416;34.70;1
D-241417;39.66;3
D-241418;39.66;1
D-241419;50.41;2
D-241438;85.12;1
D-241459;30.57;1
D-241460;38.01;1
D-241467;81.81;1
D-241524;123.96;7
D-241669;78.47;6
D-241670;35.50;34
D-241694;12.39;50
D-241695;12.39;50
D-241696;39.66;21
D-241700;74.34;3
D-241732;20.65;19
D-241754;56.98;0
D-241871;57.84;24
D-241872;57.84;22
D-241883;28.92;5
D-241884;28.92;0
D-241885;28.92;0
D-241886;48.75;29
D-241887;48.75;23
D-241900;34.70;40
D-241901;34.70;49
D-241911;28.09;50
D-241914;57.84;21
D-241916;12.39;50
D-241917;12.39;50
D-241918;12.39;50
D-241919;16.52;50
D24-194024;26.44;2
D24-194095RS;30.54;0
D-241946;28.09;50
D-241947;33.02;50
D-241948;32.22;0
D-241949;28.09;50
D-241950;28.88;29
D-241951;28.88;50
D-241952;28.88;50
D-241953;26.41;50
D-241954;26.41;50
D-241955;24.75;11
D-241960;46.27;50
D-241966;20.65;50
D-241972;41.31;12
D-241974;29.74;50
D-241975;40.49;50
D-241976;40.49;50
D-241982;47.10;32
D-241983;42.14;50
D-241984;37.18;50
D-242087;21.48;48
D-242091;37.15;50
D-242092;37.15;50
D-242093;37.15;50
D-242094;37.15;50
D-242095;37.15;50
D-242096;49.55;50
D-242097;49.55;50
D-242098;49.55;50
D-242404;31.40;0
D-242407;21.48;0
D-242408;26.44;8
D-242409;19.00;50
D-242410;19.00;50
D-242411;19.00;50
D-242415;21.48;50
D-242416;20.65;50
D-242419;20.65;0
D-242420;20.65;1
D-242421;27.26;14
D-242422;23.13;6
D-242426;28.92;16
D-242427;28.09;24
D-242429;26.44;44
D-242430;31.40;7
D-242436;30.57;35
D-242437;26.44;0
D-242440;24.79;0
D-242441;26.44;50
D-242452;24.79;8
D-242453;28.92;7
D-242454;28.92;11
D-242455;28.92;27
D-242456;29.74;19
D-242457;30.57;7
D-242458;30.57;0
D-242464;22.31;0
D-242465;25.61;0
D-242466;23.96;34
D-242470;29.74;9
D-242482;22.31;16
D-242483;22.31;0
D-242484;23.96;1
D-242486;23.96;1
D-242487;22.31;50
D-242488;22.31;50
D-242489;21.48;50
D-242490;22.31;50
D-242492;29.74;0
D-242493;27.26;48
D-242501;14.87;34
D-242502;14.87;50
D-242503;18.17;50
D-242504;18.17;25
D-242505;13.21;31
D-242506;13.21;50
D-242507;16.52;15
D-242508;13.21;0
D-242509;14.87;0
D-242510;14.87;50
D-242511;18.17;50
D-242512;18.17;48
D-242513;19.00;39
D-242520;90.90;2
D-242632;47.07;50
D-242633;47.07;50
D-242634;47.07;29
D-242635;47.07;50
D-242636;47.07;50
D-242702;22.31;0
D-242703;49.58;29
D-242704;49.58;8
D-242712;26.44;32
D-242713;26.44;10
D-242716;42.97;13
D-242718;29.74;0
D-242720;29.74;0
D-242737;26.44;0
D-242808;66.07;6
D-242828;15.66;50
D-242829;15.66;50
D-242893;41.31;0
D-242904;34.70;24
D-242906;42.97;12
D-242907;41.31;0
D-243032;38.83;38
D-243033;38.83;50
D-243034;32.22;26
D-243035;32.22;11
D-243036;30.57;22
D-243037;28.09;20
D-243038;33.88;0
D-243039;35.53;15
D-243040;38.83;10
D-243041;26.44;15
D-243042;34.70;0
D-243044;28.92;1
D-243098;16.52;50
D-243334;12.36;50
D-243335;12.36;0
D-243336;12.36;0
D-243337;12.36;50
D-243382;49.55;34
D-243383;53.68;50
D-243384;53.68;0
D-243385;66.07;50
D-243615;61.98;0
D-243616;56.19;2
D-243919;8.26;15
D-243920;453.71;1
D-244029;54.54;4
D-244030;15.69;17
D-244031;15.69;17
D-244032;15.69;17
D-244033;15.69;14
D-244034;15.69;28
D-244035;38.83;9
D-244047;24.79;23
D-244048;9.91;2
D-244049;9.91;43
D-244050;15.69;8
D-244051;15.69;23
D-244061;38.83;10
D-244062;23.14;50
D-244063;23.14;50
D-244064;23.14;50
D-244065;28.88;50
D-244066;28.88;50
D-244067;28.88;50
D-244111;57.84;5
D-244112;48.75;8
D-244113;38.83;7
D-244114;42.14;8
D-244115;67.76;9
D-244132;20.65;28
D-244161;9.08;8
D-244162;9.08;29
D-244172;12.39;50
D-244173;12.39;50
D-244187;19.83;24
D-244188;19.83;11
D-244189;19.83;31
D-244190;19.83;30
D-244191;19.83;16
D-244192;19.83;35
D-244193;19.83;27
D-244194;21.48;7
D-244195;21.48;28
D-244196;19.83;28
D-244199;23.96;50
D-244200;23.96;50
D-244201;23.96;50
D-244202;23.96;7
D-244207;26.44;50
D-244208;26.44;50
D-244209;26.44;50
D-244210;26.44;50
D-244211;26.44;45
D-244212;26.44;50
D-244226;30.57;23
D-244227;30.57;25
D-244233;31.40;22
D-244243;34.70;42
D-244244;34.70;22
D-244245;34.70;47
D-244246;34.70;24
D-244247;34.70;9
D-244248;34.70;43
D-244249;35.53;40
D-244250;35.53;22
D-244251;35.53;24
D-244254;33.88;23
D-244255;33.88;0
D-244256;37.18;18
D-244257;37.18;20
D-244258;37.18;39
D-244259;37.18;26
D-244260;38.01;50
D-244261;38.01;26
D-244262;39.66;24
D-244263;39.66;0
D-244264;40.49;11
D-244265;40.49;21
D-244266;40.49;16
D-244267;42.14;23
D-244268;42.14;24
D-244269;42.14;50
D-244270;42.14;2
D-244271;42.14;22
D-244276;46.27;0
D-244277;46.27;0
D-244278;46.27;0
D-244279;50.41;40
D-244280;50.41;19
D-244281;50.41;20
D-244284;48.75;45
D-244285;48.75;2
D-244286;49.58;30
D-244287;50.41;24
D-244288;49.58;0
D-244290;53.71;0
D-244291;50.41;1
D-244292;51.23;12
D-244295;52.88;16
D-244296;52.88;6
D-244297;54.54;19
D-244298;56.19;16
D-244299;55.36;23
D-244300;55.36;7
D-244301;57.02;0
D-244302;62.80;20
D-244303;62.80;4
D-244304;62.80;0
D-244305;62.80;0
D-244306;62.80;20
D-244307;62.80;4
D-244308;62.80;17
D-244309;62.80;0
D-244310;62.80;0
D-244421;49.55;50
D-244422;49.55;34
D-244423;49.55;50
D-244432;36.78;50
D-244433;36.78;50
D-244434;36.78;50
D-244437;28.92;50
D-244438;28.92;50
D-244439;28.92;50
D-244454;47.10;50
D-244455;47.10;50
D-244456;36.36;50
D-244457;36.36;50
D-244461;37.18;11
D-244465;47.10;0
D-244466;37.18;0
D-244467;41.31;37
D-244469;40.49;48
D-244470;40.49;50
D-244471;47.10;37
D-244472;42.14;49
D-244473;37.18;32
D-244474;36.36;50
D-244475;36.36;50
D-244476;57.84;0
D-244477;32.64;50
D-244478;49.55;50
D-244479;49.55;50
D-244480;49.55;50
D-244481;45.45;0
D-244482;42.14;50
D-244483;46.27;50
D-244485;41.31;50
D-244488;53.68;50
D-244489;41.28;44
D-244493;17.35;6
D-244495;15.69;0
D-244505;19.83;11
D-244507;17.35;9
D-244515;19.83;19
D-244517;15.69;25
D-244564;16.49;50
D-244656;222.31;3
D-244657;222.31;8
D-244658;288.42;6
D-244659;288.42;1
D-244660;19.83;50
D-244661;19.83;50
D-244712;31.82;50
D-244714;40.45;50
D-244716;28.88;50
D-244852;45.45;39
D-244914;49.55;50
D-245057;114.87;9
D-245058;114.87;7
D-245059;114.87;10
D-245060;139.66;6
D-245061;139.66;20
D-245062;139.66;4
D-245063;12.36;50
D-245064;12.36;50
D-245065;34.30;50
D-245066;34.30;50
D-245067;41.28;50
D-245068;41.28;50
D-245106;106.60;4
D-245107;106.60;4
D-245108;106.60;4
D-245109;106.60;3
D-245110;106.60;2
D-245111;106.60;5
D-245114;147.11;50
D-245115;161.98;50
D-245116;185.12;50
D-245117;157.02;50
D-245127;33.02;50
D-245138;45.45;2
D-245139;45.45;8
D-245173;28.88;50
D-245177;47.93;9
D-245178;45.45;16
D-245179;42.97;0
D-245180;42.97;0
D-245181;42.97;0
D-245190;25.61;0
D-245203;41.31;0
D-245204;25.61;0
D-245217;45.45;0
D-245218;74.37;18
D-245221;35.53;0
D-245222;14.04;50
D-245223;14.04;37
D-245228;18.17;0
D-245229;18.17;0
D-245230;41.31;0
D-245231;41.31;0
D-245251;28.92;36
D-245385;24.79;50
D-245386;24.79;50
D-245639;48.75;1
D-245651;24.75;50
D-245652;24.75;50
D-245670;45.45;0
D-245671;37.18;0
D-245672;37.18;0
D-245678;33.84;6
D-245679;30.54;23
D-245691;37.15;0
D-245692;37.15;0
D-245693;37.15;50
D-245694;37.15;50
D-245695;66.07;50
D-245696;16.49;50
D-245697;41.28;34
D-245698;82.64;27
D-245699;61.94;30
D-245715;57.02;34
D-245716;57.02;14
D-245717;57.02;24
D-245718;57.02;19
D-245719;57.02;34
D-245862;41.31;42
D-245864;49.58;24
D-245874;33.05;30
D-245875;33.05;18
D-245878;28.92;10
D-245880;28.92;17
D-245883;24.79;50
D-245884;24.79;30
D-245887;16.52;31
D-245940;57.84;15
D-245941;57.84;17
D-245943;57.84;14
D-245944;57.84;10
D-245971;25.61;0
D-245972;25.61;28
D-245973;25.61;21
D-245974;25.61;37
D-245986;40.49;0
D-245997;28.92;36
D-245998;45.45;9
D-246212;33.05;50
D-246213;78.50;20
D-246214;70.24;13
D-246215;66.11;0
D-246216;74.37;9
D-246217;47.93;37
D-246218;29.74;15
D-246219;197.51;9
D-246220;197.51;12
D-246232;14.87;5
D-246233;14.87;5
D-246234;33.05;3
D-246235;33.05;4
D-246236;39.66;1
D-246237;39.66;1
D-246238;22.31;0
D-246239;74.37;0
D-246242;39.66;2
D-246243;74.37;0
D-246244;57.84;0
D-246245;74.37;0
D-246246;74.37;0
D-246247;10.74;0
D-246248;12.39;2
D-246251;49.58;0
D-246252;64.42;0
D-246262;73.55;1
D-246267;41.31;46
D-246281;23.10;50
D-246282;23.10;50
D-246283;24.79;50
D-246284;29.74;50
D-246317;81.81;0
D-246318;81.81;1
D-246319;81.81;3
D-246320;81.81;2
D-246390;147.93;12
D-246391;147.93;10
D-246392;147.93;12
D-246393;131.40;10
D-246394;131.40;10
D-246395;131.40;9
D-246396;247.10;3
D33-149038;20.65;0
D33-194147;26.44;50
D34-149094LL;26.44;42
D34-194023;22.27;0
D44-194945LL;37.15;2
D46-149088RS;15.69;24
D47-194158;12.36;0
D-525246;27.26;4
D66-149109LL;12.36;0
D66-149109RS;12.36;50
PD2103-23;18.17;19
PD2187-00;26.44;10
PD3692-20;47.93;16
PD3984-23;33.05;16
PD4421-23;46.27;12
PD4623-23;19.00;26
PD4691-23;25.61;9
PD4771-23;52.88;29
PD4922-12;41.31;20
PD4929-12;59.50;1
PD4930-12;33.05;5
PD4931-12;31.40;2
PD4943-15;165.28;24
PD4944-12;42.97;1
PD4956-12;85.94;3
PD5719-21;66.11;5
RD500;36.36;8
D-235820;57.81;8
D-236476;57.81;0
D-236477;57.81;1
D-236478;57.81;0
D-239840;57.84;12
D-241736;57.84;6
D-241737;57.84;1
D-241738;57.84;2
D-244533;57.84;4
D-244534;57.84;13
D-244535;57.84;0
D-246333;707.43;2
D-230607;28.09;7
D-235937;19.00;50
D-235938;19.00;50
D-235939;23.06;50
D-235940;23.06;50
D-235941;31.40;50
D-235942;31.40;50
D-235943;23.96;50
D-235944;23.96;50
D-235945;25.58;50
D-235946;25.58;50
D-235947;20.65;50
D-235948;20.65;50
D-235949;23.96;50
D-235950;23.96;50
D-235951;23.06;50
D-235952;23.06;50
D-235953;33.05;50
D-235954;33.05;50
D-235955;27.26;50
D-235956;27.26;50
D-235957;30.57;50
D-235958;30.57;50
D-235959;41.28;50
D-235960;41.28;50
D-235961;28.09;50
D-235962;28.09;50
D-235963;30.57;50
D-235964;30.57;50
D-235965;33.88;50
D-235966;33.88;50
D-235967;57.77;50
D-235968;57.77;50
D-235969;61.07;50
D-235970;61.07;50
D-236563;42.14;3
D-236564;47.10;2
PD2902-00;26.44;20
PD2905-00;24.79;25
PD2907-00;26.44;10
PD2908-00;40.49;2
PD2924-00;64.45;4
PD2925-00;31.40;7
PD2926-00;31.40;0
PD2929-00;48.75;7
PD2938-00;46.27;6
PD2943-00;44.62;4
PD2944-20;19.83;2
PD2947-00;19.83;6
PD2948-00;26.44;3
PD2955-00;36.36;9
PD2957-00;39.66;9
PD2962-00;36.36;0
PD2966-20;19.83;47
D-10000;163.59;7
D-10002;199.99;3
D-202552;162.72;11
D-202553;180.90;7
D-202554;180.90;1
D-202555;180.90;0
D-223974;44.62;0
D-226852;6.32;27
D-244948;165.28;4
D-244949;165.28;6
D-230011;22.27;32
D-231277;22.27;22
D-231621;5.74;6
D-231430;8.22;4
D-231433;8.22;5
D-231442;9.88;2
D-231630;5.74;3
D-231640;8.22;1
D-231670;8.22;5
D-218063;10.74;6
D-218064;10.74;1
D-218065;10.74;1
D-231575;16.52;1
D-233276;35.50;1
D-233284;38.83;1
D-233285;38.83;1
D-233298;38.83;3
D-233299;38.83;2
D-233642;35.50;1
D-233674;28.88;1
D-233676;28.88;1
D-233805;28.88;1
D-233898;35.50;1
D-233901;35.50;1
D-234092;28.88;1
D-234093;28.88;2
D-237472;19.83;1
D-237473;19.83;1
D-237474;19.83;1
D-237475;19.83;2
D-237529;16.52;1
D-239419;15.69;2
D- 245724;12.40;4
D- 245725;12.40;1
D- 245726;12.40;2
D- 245727;12.40;5
D- 245728;12.39;3
D- 245729;12.39;3
D- 245730;12.39;3
D- 245731;12.39;1
D- 245732;12.39;2
D- 245733;12.39;0
D- 245734;12.39;3
D- 245735;12.39;0
D- 245736;12.39;3
D- 245737;12.39;3
D- 245738;12.39;0
D- 245739;12.39;2
D- 245740;12.39;3
D- 245741;12.39;0
D- 245742;12.39;3
D- 245743;12.39;2
D-245758;15.69;1
D-245759;15.69;0
D-245760;15.69;2
D-245761;15.69;1
D-245762;15.69;1
D-245763;15.69;0
D-245764;15.69;2
D-245765;15.69;1
D-245766;15.69;1
D-245767;15.69;1
D-245768;15.69;2
D-245769;15.69;1
D-245791;17.35;0
D-245792;17.35;1
D-245793;17.35;1
D-245794;17.35;1
D-245799;17.35;1
D-245800;17.35;0
D-245801;17.35;0
D-245802;17.35;1
D-245803;15.69;1
D-245804;15.69;2
D-245805;15.69;1
D-245806;15.69;1
D-245807;15.69;0
D-245808;15.69;1
D-245809;15.69;1
D-245810;15.69;1
D-245823;15.69;1
D-245824;15.69;2
D-245825;15.69;2
D-245826;15.69;1
D-237462;21.48;1
D-237463;21.48;1
D-233650;29.74;1
D-233662;24.75;0
D-233665;24.75;1
D-233709;28.88;1
D-233714;28.09;1
D-233716;28.09;1
D-233773;35.50;1
D-233778;28.09;1
D-233834;30.54;1
D-233869;24.75;1
D-233930;35.50;1
D-233938;28.09;1
D-233941;28.09;1
D-233952;24.75;1
D-233953;24.75;2
D-233997;28.88;1
D-234026;35.50;1
D-234029;35.50;2
D-234049;24.75;1
D-234060;35.50;1
D-234061;35.50;1
D-234078;24.75;1
D-234081;24.75;2
D-234100;28.09;1
D-234110;30.54;1
D-234162;29.74;1
D-234177;24.75;2
D-234186;35.50;2
D-234194;28.09;1
D-234196;28.09;1
D-234206;24.75;1
D-234226;24.75;2
D-234253;35.50;1
D-234272;24.75;1
D-234273;24.75;1
D-233290;59.46;4
D-233291;59.46;1
D-233292;57.81;1
D-233293;57.81;2
D-233300;45.41;3
D-233301;45.41;3
D-233305;45.41;1
D-233316;70.21;3
D-233317;70.21;2
D-233318;79.30;2
D-233319;79.30;1
D-233320;79.30;1
D-233321;79.30;1
D-233322;60.32;4
D-233323;60.32;1
D-233324;61.12;1
D-233325;61.12;1
D-233328;61.12;1
D-233329;61.12;3
D-227338;9.05;4
D-239954;8.26;7
D-239955;8.26;5
D-241316;8.26;3
D-241317;8.26;4
D-233274;40.49;2
D-233275;40.49;0
D-233282;28.09;4
D-233283;28.09;2
D-233414;14.87;10
D-233415;14.88;12
D-233416;14.88;17
D-233417;14.87;6
D-233418;14.87;2
D-233419;14.87;0
D-233420;14.87;3
D-233421;14.87;1
D-233422;14.87;2
D-233423;14.87;7
D-233424;14.87;6
D-233425;14.87;3
D-233426;14.87;1
D-233427;14.87;1
D-233428;14.87;1
D-233429;14.87;2
D-233678;30.54;1
D-233680;30.54;1
D-233681;30.54;1
D-233745;23.93;1
D-233774;24.75;1
D-233777;24.75;1
D-233806;30.54;1
D-233808;30.54;1
D-233809;30.54;2
D-234064;24.75;1
D-234096;30.54;1
D-234097;30.54;1
D-234257;24.75;2
D-236853;14.87;4
D-236854;14.87;12
D-236855;14.87;0
D-236856;14.87;0
D-236857;14.87;5
D-236858;14.87;0
D-236859;14.87;3
D-236860;14.87;3
D-236861;14.87;4
D-236862;14.87;2
D-236863;14.87;4
D-236864;14.87;0
D-238431;14.87;4
D-238432;14.87;4
D-238433;14.87;0
D-238434;14.87;1
D-239956;14.87;1
D-239957;14.87;1
D-239958;14.87;0
D-239959;14.87;0
D-239960;14.87;2
D-239961;14.87;5
D-239962;14.87;6
D-239963;14.87;4
D-241304;14.87;1
D-241305;14.87;2
D-241306;14.87;2
D-241307;14.87;2
D-241308;14.87;3
D-241309;14.87;3
D-241310;14.87;0
D-241311;14.87;2
D-241312;14.87;3
D-241313;14.87;2
D-241314;14.87;0
D-241315;14.87;2
D-241629;9.91;0
D-241630;9.91;4
D-241631;9.91;1
D-241632;9.91;2
D-241633;9.91;5
D-241634;9.91;6
D-241635;9.91;2
D-241636;9.91;2
D-241637;9.91;0
D-241638;9.91;5
D-241639;9.91;2
D-241640;9.91;2
D-241641;9.91;5
D-241642;9.91;4
D-241643;9.91;2
D-241644;9.91;0
D-241645;9.91;6
D-241646;9.91;21
D-241647;9.91;21
D-241648;9.91;15
D-241649;9.91;0
D-241650;9.91;4
D-241651;9.91;0
D-241652;9.91;2
D-241653;9.91;10
D-241654;9.91;17
D-241655;9.91;18
D-241656;9.91;9
D-241657;9.91;2
D-241658;9.91;2
D-241659;9.91;1
D-241660;9.91;1
D-241661;9.91;0
D-241662;9.91;6
D-241663;9.91;2
D-241664;9.91;3
D-241665;9.91;9
D-241666;9.91;12
D-241667;9.91;7
D-241668;9.91;4
D- 245720;12.39;1
D- 245721;12.39;0
D- 245722;12.39;2
D- 245723;12.39;2
D- 245744;12.39;4
D- 245745;12.39;3
D- 245746;12.39;4
D- 245747;12.39;4
D- 245748;12.39;9
D- 245749;12.39;6
D- 245750;12.39;8
D- 245751;12.39;3
D-245771;14.87;1
D-245772;14.87;1
D-245773;14.87;1
D-245774;14.87;1
D-245775;14.87;0
D-245776;14.87;1
D-245777;14.87;5
D-245778;14.87;0
D-245779;14.87;1
D-245780;14.87;2
D-245781;14.87;2
D-245782;14.87;1
D-245811;14.87;0
D-245812;14.87;0
D-245813;14.87;0
D-245814;14.87;0
D-245815;15.69;0
D-245816;15.69;0
D-245817;15.69;2
D-245818;15.69;1
D-245819;15.69;3
D-245820;15.69;2
D-245821;15.69;3
D-245822;15.69;0
D-211889;71.07;0
D-233268;38.83;0
D-233269;38.83;3
D-233294;38.83;1
D-233295;38.83;1
D-233326;70.21;3
D-233327;70.21;1
D-235630;20.65;42
D-235631;32.22;11
D-235632;38.01;50
D-235633;33.02;50
D-235634;28.92;50
D-235635;30.57;0
D-235636;22.31;50
D-235637;16.49;50
D-235638;24.75;36
D-235639;30.57;1
D-239966;12.39;2
D-239967;12.39;5
D-239968;12.39;1
D-239969;12.39;5
D-239970;12.39;1
D-239971;12.39;1
D11-201197;18.17;0
D11-201198;18.17;0
D11-201199;18.17;29
D-194236;2.47;50
D-201730;9.91;0
D-230229;7.26;0
D-232448;6.32;50
D-232560;6.35;0
D-232561;6.35;1
D-232562;6.35;1
D-232563;6.35;0
D-208476;5.45;10
D-232386;20.90;8
D-232387;20.90;6
D-237879;25.61;50
D-237880;25.61;40
D-237881;25.61;30
D-237882;25.61;10
D11891;11.56;33
D11893;11.56;20
D12-201195;23.13;50
D-199457;13.21;32
D-199467;13.21;50
D-202776;23.13;50
D-205246;7.68;50
D-205247;7.68;50
D-205248;7.68;50
D-205249;7.68;50
D-210755;4.54;35
D-218074;8.17;40
D-218077;8.17;30
D-218078;8.17;5
D-219413;9.91;34
D-219414;9.91;50
D-219506;5.45;15
D-221374;8.17;50
D-221572;13.21;50
D-221573;14.54;50
D-221607;5.45;50
D-224133;8.26;9
D-224134;8.26;50
D-226796;62.80;9
D-232978;8.17;48
D-234908;13.21;50
D-237681;20.65;19
D-244844;12.39;50
D-244845;9.91;31
D-244846;9.91;22
D-244894;13.21;50
D-244895;13.21;50
D-244896;13.21;50
D-245153;7.68;18
D-245154;7.68;50
D-246181;13.21;0
D-199454;18.17;17
D-202762;7.43;50
D-202763;7.43;50
D-202764;7.43;50
D-202765;7.43;50
D-202766;7.43;50
D-202767;7.43;50
D-202769;22.80;50
D-202770;22.80;50
D-202771;22.80;50
D-202772;22.80;50
D-202774;22.80;50
D-202775;22.80;50
D-210619;25.61;2
D-210620;25.61;10
D-210623;25.61;7
D-210624;25.61;0
D-211219;25.61;2
D-215991;25.61;4
D-222673;22.80;50
D-223846;23.13;30
D-223847;23.13;26
D-223848;23.13;47
D-223849;23.13;50
D-231800;14.83;42
D-231801;14.83;50
D-231802;14.83;44
D-231803;14.83;50
D-231804;14.83;50
D-231805;14.83;50
D-232107;18.18;4
D-232109;18.18;0
D-232565;7.43;2
D-232566;7.43;3
D-232568;7.43;4
D-237682;16.52;15
D-242263;16.52;4
D-242264;16.52;10
D-246257;22.80;50
D-246258;22.80;50
D-210111;14.04;2
D-221576;16.49;42
D-231247;24.79;3
D-234899;20.65;8
D15-201245;13.21;50
D15-201248;14.04;50
D17-20640;16.52;50
D-194242;2.47;0
D-196483;18.14;50
D-196484;19.00;50
D-199350;20.62;22
D-199867;23.13;50
D-201273;13.18;14
D-201469;27.26;50
D-201470;27.26;28
D-201658;8.22;39
D-201691;16.52;50
D-201692;14.04;50
D-201693;12.39;50
D-201729;15.69;16
D-203260;11.53;50
D-205878;11.56;50
D-207321;19.83;22
D-210258;18.14;50
D-213983;14.87;50
D-214077;15.70;8
D-215541;13.21;35
D-215542;15.69;41
D-219474;41.28;50
D-222395;22.31;26
D-223124;19.83;21
D-223842;11.56;50
D-224140;20.65;50
D-224141;19.83;50
D-224142;14.87;50
D-224143;14.04;50
D-224144;14.04;50
D-224145;15.69;50
D-224156;18.17;50
D-224158;19.00;50
D-226883;18.17;0
D-228655;3.30;50
D-229429;23.13;50
D-229431;23.13;11
D-229432;12.39;31
D-230444;17.35;40
D-230687;16.49;31
D-230691;14.83;21
D-232717;20.62;50
D-234655;22.27;17
D-234657;28.88;7
D-234850;18.14;50
D-234912;14.87;50
D-238112;2.47;0
D-239845;12.36;50
D-239853;16.49;0
D-241622;14.04;50
D-241699;20.65;25
D-241740;12.39;50
D-243737;15.29;11
D-243738;15.29;0
D-244349;14.04;50
D-244578;14.01;50
D-244662;18.17;21
D-245294;16.52;42
D-245295;19.00;0
D-245306;14.87;50
D-245307;15.69;50
D-245308;18.17;12
D-245313;14.87;23
D-245317;19.00;50
D-245559;12.39;37
D-245562;12.39;50
D-245563;12.39;50
D-245602;9.91;15
D-246259;18.93;23
D62-52030;9.88;30
D-210112;11.53;50
D-244331;20.65;13
D-244332;20.65;24
D-244333;20.65;24
D-244334;20.65;50
D-244335;314.87;2
D51-TE07CAR;11.56;29
D51-TE07CHO;11.56;16
D51-TE07COCO;11.56;46
D51-TE07PAS;11.56;50
D51-TE07ROJO;11.56;50
D-207427;43.79;12
D-234855;20.62;50
D-234929;16.52;50
D-245311;22.31;9
D12-201194;34.70;50
D14521;14.04;28
D14801;20.65;46
D14821;15.69;27
D14831;20.65;50
D15-201246;13.21;50
D-196469;20.62;50
D-196471;24.75;50
D-197968;24.75;12
D-199131;14.04;0
D-201466;18.17;50
D-201471;27.26;50
D-201727;15.69;2
D-201728;15.69;6
D-205439;15.69;0
D-207301;17.35;50
D-210109;14.04;7
D-210113;5.74;50
D-210257;14.83;29
D-210935;16.53;50
D-211135;16.49;2
D-211381;23.96;34
D-211506;34.70;50
D-212420;19.00;43
D-212421;35.53;7
D-213987;15.69;50
D-213989;11.56;50
D-215561;14.04;50
D-215562;12.39;0
D-218367;13.21;50
D-219427;20.65;13
D-219476;33.02;50
D-219484;17.35;36
D-220917;27.23;0
D-221687;11.53;5
D-223837;14.87;50
D-224166;14.87;37
D-224167;12.39;20
D-224994;33.02;50
D-226881;18.17;2
D-226884;22.31;8
D-226885;22.31;32
D-226886;22.31;50
D-229424;23.13;48
D-229425;12.39;48
D-230921;13.21;50
D-230922;19.83;16
D-234852;18.14;0
D-234913;15.69;50
D-236047;1.61;0
D-239355;29.74;0
D-241621;14.04;38
D-241623;14.87;33
D-241741;15.69;34
D-244348;14.04;50
D-244354;8.26;50
D-244356;8.26;50
D-244367;4.12;50
D-245293;14.04;14
D-245568;12.39;50
D-194822;11.56;50
D-197610;5.78;36
D-197611;5.78;33
D-197612;5.78;41
D-197613;5.78;47
D-218657;7.43;50
D-230994;7.43;50
D-232599;4.12;2
D-232600;4.12;0
D-232601;4.12;0
D-232602;4.12;1
D-232603;4.12;1
D-232604;4.12;6
D-232605;4.12;2
D-232606;5.78;1
D-232609;6.60;0
D-232611;6.58;1
D-232612;7.39;1
D-232613;7.39;4
D-232614;7.39;0
D-232615;7.39;1
D-232616;7.39;1
D-232617;7.39;6
D-232618;7.39;0
D-232619;10.64;1
D-232620;10.64;1
D-232621;10.64;3
D-232622;10.64;5
D-232623;10.64;1
D-232624;10.64;2
D-232628;14.04;3
D-232630;14.04;5
D-232631;14.04;1
D-232632;16.18;0
D-232633;16.18;4
D-232634;16.18;0
D-232635;16.18;4
D-232636;16.18;0
D-232637;16.18;1
D-232638;16.18;0
D-232841;7.43;50
D-232842;16.49;19
D-232843;16.49;50
D-234928;17.35;50
D-207425;26.44;22
D-211134;20.62;12
D-211136;24.75;10
D-211137;20.62;0
D-211138;33.02;2
D-211139;41.28;2
D-211140;33.02;6
D-211162;20.62;0
D-211163;16.49;0
D-223835;14.87;19
D-223845;11.56;35
D-224147;17.35;0
D-241565;20.62;2
D-241566;20.62;0
D-241571;24.75;2
D-241572;20.62;2
D-244342;18.17;50
D-244343;18.17;50
D-244370;15.69;28
D-244663;16.52;50
D-244854;19.83;50
D-245296;33.05;21
D-245567;12.39;50
D12-23103;34.70;50
D-232141;18.17;23
D-234909;14.87;50
D-245566;12.39;50
D-211116;36.32;50
D-241577;36.32;14
D-241578;36.32;19
D-245129;19.99;50
D-241567;19.95;7
D-241575;31.77;0
D-241581;22.68;1
D-241579;36.32;16
D-244362;29.74;50
D-244363;29.74;50
D-244364;19.83;50
D-244866;19.00;50
D-245320;9.99;20
D-245460;18.17;25
D-245461;29.99;41
D-245467;31.81;14
D-202557;27.23;25
D-202560;27.23;32
D-211113;22.68;0
D-211179;45.41;50
D-219402;9.08;50
D-222282;27.23;35
D-244358;19.83;50
D-244359;19.83;50
D-244360;19.83;50
D-244361;19.83;50
D-244365;4.12;0
D-244545;49.08;3
D-244548;29.99;26
D-244549;29.99;18
D-244674;41.31;12
D-244675;18.17;50
D-244676;18.17;0
D-244867;19.00;50
D-244868;23.96;18
D-244869;19.00;50
D-244950;52.06;15
D-244951;24.79;28
D-244952;23.96;32
D-244980;29.99;17
D-245462;9.99;50
D-245463;18.17;23
D-245464;29.99;48
D-245465;18.17;6
D-245466;31.81;33
D17-20682;17.35;0
D-210936;20.66;50
D-210937;19.00;50
D-210938;3.72;50
D-216556;16.53;50
D-216953;11.16;50
D-216954;11.16;50
D-216955;11.16;41
D-218225;12.36;0
D-218226;12.36;50
D-218227;12.36;0
D-224155;16.52;50
D-227317;12.36;50
D-227318;12.36;0
D-227319;15.66;48
D-228660;15.29;50
D-228661;15.29;50
D-229935;13.21;40
D-234901;18.17;50
D-235646;17.35;33
D-236879;24.79;25
D-236891;19.83;16
D-237700;18.14;46
D-237701;20.65;47
D-239379;13.21;50
D-239380;13.21;50
D-239381;13.21;50
D-239382;13.21;50
D-239383;13.21;41
D-239847;15.66;50
D-239848;15.66;50
D-239849;15.66;50
D-241768;15.66;50
D-241769;15.66;50
D-244346;18.17;50
D-244347;12.39;44
D-245711;20.65;50
D-245712;20.65;50
D-196473;20.62;50
D-209376;22.68;50
D-244520;14.87;13
D-244521;9.91;50
D-244522;10.74;50
D-244523;16.52;6
D-244524;9.91;50
D-244525;14.87;32
D-244526;12.39;28
D-244527;13.21;50
D-244541;18.17;6
D-244543;18.17;2
D-244544;14.04;50
D-244546;19.00;39
D-244551;12.39;7
D-244677;14.04;50
D-244678;14.04;25
D-244856;15.69;28
D-244982;18.17;43
D-244983;18.17;25
D-244984;18.17;50
D-245082;18.17;6
D-245128;14.54;50
D-246171;3.63;50
D-246172;3.63;50
D-246173;3.63;26
D-246174;3.63;32
D-246175;3.63;50
D-246176;3.63;50
D-246177;3.63;50
D-246178;3.63;50
D-197969;14.01;50
D-211112;22.68;35
D-211114;22.68;8
D-211115;28.88;34
D-211118;20.62;6
D-211119;31.40;0
D-211126;19.95;1
D-241576;36.32;13
D-244366;4.12;50
D-244542;43.79;0
D-244550;29.99;10
D-202917;9.91;19
D-212716;7.43;20
D-213107;10.70;50
D-215114;6.60;50
D-219078;45.45;1
D-222211;15.69;37
D-224121;9.83;50
D-224149;14.04;47
D-227025;9.91;0
D-230899;9.91;0
D-230904;14.04;10
D-232608;6.58;2
D-232610;6.58;0
D-232627;14.04;1
D-232629;14.04;4
D-236877;14.04;15
D-236881;20.65;5
D-236888;19.00;14
D-241569;12.36;2
D-243394;16.52;0
D-243705;8.26;15
D-243706;13.64;0
D-243711;8.26;1
D-243712;13.64;1
D63-194250;9.91;50
D-199884;19.00;10
D-201417;6.60;11
D-201418;14.04;0
D-201657;17.35;24
D-202916;9.91;18
D-205318;11.56;8
D-207774;7.43;50
D-210941;9.91;40
D-213108;10.70;0
D-214074;7.43;50
D-215113;6.60;0
D-216312;9.91;6
D-219079;16.52;0
D-220494;8.26;16
D-222210;15.69;19
D-222212;15.69;21
D-224120;9.83;39
D-224148;14.04;50
D-227024;9.91;16
D-228658;2.47;50
D-230443;8.22;50
D-230898;9.91;17
D-230905;14.04;17
D-232607;6.58;0
D-232626;14.04;0
D-234926;9.08;50
D-236037;10.74;50
D-236043;0.82;50
D-236876;14.04;24
D-236883;19.83;3
D-236936;19.83;1
D-237688;9.08;50
D-241743;12.39;33
D-243703;8.26;32
D-243704;13.64;4
D-243709;8.26;0
D-243710;13.64;6
D-244345;13.21;50
D-245088;10.74;23
D-245089;10.74;10
D-245266;12.39;32
D-245267;5.78;41
D-245269;13.21;49
D-245288;14.04;15
D63-194251;9.91;50
D11010;15.69;26
D-194339;0.82;42
D-201831;15.69;19
D-201832;15.69;39
D-201833;13.21;18
D-201834;18.17;50
D-201836;7.43;30
D-211758;9.91;50
D-213687;13.21;0
D-213899;16.52;0
D-218630;35.53;9
D-220490;18.17;16
D-221039;9.91;6
D-221753;9.05;22
D-229297;7.40;50
D-229298;12.39;0
D-229299;16.94;50
D-242297;10.74;33
D-243743;8.68;6
D-243744;17.36;11
D-244664;14.87;0
D-199351;20.62;37
D-199352;20.62;25
D-201648;16.49;25
D-201650;16.49;29
D-207320;19.83;4
D-212423;26.44;0
D-224146;14.04;44
D-224151;18.17;50
D-225237;16.52;19
D-239846;11.53;50
D-239852;15.66;50
D-243755;19.01;2
D-245319;19.00;15
D62-53030;11.53;10
D62-54030;11.53;20
D-213112;10.70;50
D-236887;10.74;0
D-236892;14.87;0
D-243739;12.40;17
D-243740;20.66;0
D-245315;16.52;10
D-245316;16.52;50
D-207665;15.69;50
D-220212;20.65;0
D-220213;9.91;50
D-232414;12.39;9
D-237298;10.74;8
D-243753;11.16;5
D-243754;19.83;6
D-244647;14.04;35
D-244648;20.65;49
D-244649;24.79;7
D-245056;24.79;1
D-201573;11.56;2
D-201574;16.52;0
D-203235;11.53;4
D-203249;11.53;10
D-225241;19.83;25
D-230907;14.87;19
D-230908;6.60;50
D-236939;21.48;2
D-243727;8.26;2
D-243728;13.64;0
D-243763;21.07;1
D-243764;26.86;0
D-243765;21.49;5
D-243766;27.27;0
D-244881;13.21;2
D-244882;13.21;1
D-234896;26.44;4
D-234897;26.44;16
D-236926;10.74;6
D-236943;10.74;0
D-244655;24.75;41
D-244883;9.91;5
D-244884;9.08;13
D-244885;14.87;19
D-196495;10.74;9
D-196496;7.43;50
D-202924;14.87;3
D-203265;9.05;9
D-207322;11.56;13
D-207323;18.17;12
D-212751;6.57;50
D-213069;6.60;50
D-213111;6.60;50
D-218174;9.05;0
D-218540;7.40;12
D-220417;66.07;50
D-220524;5.74;50
D-220525;9.05;13
D-220526;5.74;29
D-220527;7.40;11
D-220535;9.05;0
D-224132;13.21;1
D-227138;12.39;28
D-230663;13.18;50
D-230693;12.36;50
D-230928;13.21;19
D-234856;8.22;7
D-237770;10.74;17
D-241698;16.52;6
D-243698;8.26;0
D-243808;8.26;1
D-244892;9.91;2
D-245290;8.26;46
D-245291;14.04;40
D-211398;10.74;0
D-212760;5.76;0
D-215760;31.36;1
D-215770;8.22;2
D-218501;4.12;50
D-218502;7.43;10
D-228446;8.22;26
D-243748;5.37;11
D-201614;22.31;6
D-207313;22.31;1
D-208345;2.47;50
D-208346;1.91;50
D-210628;19.00;3
D-210630;19.00;0
D-230689;11.53;0
D-242260;37.18;8
D-233033;9.91;0
D-233034;9.91;0
D-236448;7.43;50
D-222135;74.37;0
D-223212;33.88;2
D-223968;31.40;0
D-224021;73.55;0
D-227216;57.81;50
D-229176;75.20;0
D-227215;27.26;49
D-246321;148.75;0
D-197925;5.41;42
D-197926;5.41;50
D-201846;8.14;4
D-201849;6.32;50
D-218204;5.41;50
D-222787;5.41;50
D-227345;5.41;8
D-229934;5.41;34
D-230789;3.59;50
D-230790;3.59;50
D-230791;4.50;50
D-231010;2.72;38
D-231011;3.63;11
D-231701;4.55;4
D-231703;4.54;0
D-231704;4.54;1
D-231705;4.55;0
D-232055;6.32;5
D-232579;6.35;9
D-232581;6.35;0
D-232582;6.35;0
D-232714;2.72;50
D-234677;4.54;0
D-234682;6.35;3
D-234859;79.99;5
D-236740;2.47;9
D-236959;4.95;50
D-242771;2.72;50
D-242772;2.72;50
D-242773;63.63;4
D-242774;63.63;4
D-244008;2.72;0
D-244009;2.72;20
D-244010;63.63;1
D-196734;5.45;50
D-201858;5.41;39
D-201859;5.41;0
D-219505;5.45;50
D-226718;5.45;50
D-226719;5.45;50
D-226740;5.45;33
D-226741;5.45;50
D-230476;3.63;1
D-230477;2.72;6
D-230478;2.72;9
D-230479;2.72;5
D-230480;2.72;0
D-230481;2.72;6
D-230482;2.72;0
D-230487;2.72;3
D-232580;6.35;3
D-232715;49.58;0
D-234857;2.72;50
D-234858;2.72;50
D-237802;2.72;50
D-243997;4.13;5
D-243998;4.13;2
D-244783;3.30;5
D64-194186;6.32;50
D12-201191;29.74;16
D12-201192;29.74;9
D12-201193;29.74;19
D-201731;23.96;1
D-201732;24.79;1
D-201733;19.00;3
D-201734;9.91;0
D-208474;26.44;0
D-208475;33.88;2
D-208481;19.83;0
D-210061;14.04;3
D-210643;38.01;6
D-211490;29.74;50
D-211504;32.22;50
D-211505;89.25;18
D-212195;21.48;2
D-212196;12.39;0
D-220397;38.83;50
D-222700;52.06;19
D-224037;78.50;4
D-232117;95.04;1
D-232119;86.78;2
D-234898;32.22;10
D-234921;22.31;25
D-236777;49.58;10
D-237769;92.55;31
D-237771;29.74;50
D-237878;87.60;7
D-241220;3.99;50
D-241221;3.99;50
D-241222;3.99;22
D-241223;3.99;50
D-241224;3.99;50
D-241225;72.72;7
D-244780;49.58;1
D-244781;49.58;0
D-244782;49.58;2
D-244848;1.64;50
D-244849;1.64;19
D-244850;1.64;19
D-233217;0.79;2
D-230213;7.43;27
D-230214;7.43;12
D-244784;8.26;5
D-244785;8.26;0
D-244786;8.26;7
D-244787;8.26;12
D-244788;8.26;8
D-244789;8.26;10
D-230196;4.95;0
D-231784;4.95;3
D-232536;4.95;0
D-234669;4.12;0
D-241795;4.12;0
D-241796;4.12;0
D-241797;4.12;0
D-242742;4.95;42
D-242743;4.95;0
D-242744;4.95;0
D-242748;4.95;0
D-242749;4.95;2
D-242750;4.95;23
D-242751;4.95;14
D-245911;74.37;0
D-239897;5.78;0
D-241818;1.64;0
D-244898;9.91;17
D-219083;3.30;50
D-219084;3.30;50
D-230215;13.21;1
D-230415;14.87;2
D-230784;19.00;3
D-230785;5.74;50
D-230786;7.40;50
D-231816;45.41;9
D-234505;6.60;14
D-236749;7.43;1
D-241789;2.99;4
D-241790;2.47;6
D-241791;2.47;8
D-241792;7.43;26
D-241793;7.43;21
D-241794;7.43;27
D-241798;2.47;17
D-241799;2.47;21
D-241800;9.91;12
D-241801;3.30;1
D-241808;4.12;3
D-241812;20.65;2
D-241813;16.52;0
D-241814;4.12;0
D-241815;4.12;0
D-241819;4.12;6
D-242352;5.78;3
D-242353;5.78;2
D-242354;5.78;0
D-242355;1.64;1
D-242356;1.64;0
D-242357;1.64;4
D-242358;1.64;4
D-242359;1.64;6
D-242360;1.64;5
D-242361;1.64;5
D-242362;1.64;2
D-242363;1.64;5
D-242364;1.64;5
D-242365;5.78;2
D-242366;4.95;0
D-242367;4.95;0
D-242368;4.12;0
D-242369;4.12;0
D-242372;4.12;9
D-242374;4.12;0
D-242377;5.78;8
D-242380;4.95;2
D-242381;4.12;0
D-242387;3.30;8
D-242388;3.30;3
D-242389;3.30;0
D-242390;3.30;0
D-242392;1.64;0
D-242393;1.64;5
D-242394;1.64;7
D-242395;7.43;4
D-242396;2.47;3
D-242397;1.64;25
D-242398;1.64;2
D-242399;1.64;0
D-242401;1.64;0
D-242402;1.64;0
D-242403;1.64;0
D-244763;5.78;6
D-244764;5.78;1
D-244765;5.78;18
D-244766;5.78;9
D-244928;5.78;6
D-244967;4.12;13
D-244968;4.12;0
D-244969;8.26;10
D-244970;8.26;8
D-244971;4.12;10
D-245394;1.64;9
D-245395;3.30;5
D-245396;2.47;6
D-245397;4.12;0
D-245398;2.47;0
D-245418;3.30;6
D-245419;3.30;6
D-245424;1.64;19
D-245425;1.64;20
D-245426;1.64;10
D-245427;1.64;20
D-245434;3.30;6
D-245435;3.30;5
D-245437;3.30;6
D-245439;3.30;3
D-245897;4.12;0
D-245898;4.12;1
D-245899;4.12;0
D-245900;4.12;4
D-211294;7.43;50
D-211296;12.39;0
D-214064;4.92;0
D-234326;4.92;37
D-242517;2.47;50
D-242518;2.47;50
D-242559;12.39;1
D-242560;11.56;0
D-194590;14.04;49
D-194903;28.88;32
D-195201;20.65;10
D-195203;20.65;24
D-195473;20.62;47
D-197025;20.62;30
D-199238;20.65;39
D-201776;7.43;17
D-202998;35.53;0
D-205398;57.81;0
D-205404;90.87;0
D-208377;57.81;0
D-210060;9.08;3
D-211040;24.79;6
D-211042;20.65;28
D-211044;28.88;26
D-211046;33.05;25
D-212562;7.43;12
D-213783;33.06;11
D-216321;5.78;8
D-218020;9.91;7
D-218021;7.43;35
D-218022;7.43;21
D-218059;7.43;0
D-218507;59.46;3
D-218508;59.46;4
D-218509;59.46;0
D-218901;33.02;50
D-218902;35.53;50
D-218905;35.50;50
D-218910;24.75;50
D-218911;26.44;50
D-218912;33.02;50
D-218913;30.54;50
D-218917;22.27;50
D-218919;23.93;50
D-221155;29.74;50
D-221158;7.43;0
D-221159;7.43;0
D-221192;24.75;50
D-221193;24.75;41
D-221194;9.08;0
D-221195;9.08;50
D-221196;19.00;50
D-221197;10.74;0
D-221198;16.49;19
D-221199;22.27;44
D-221200;22.27;50
D-221201;22.27;17
D-221223;15.62;50
D-221224;19.83;39
D-221225;10.74;50
D-221226;10.74;50
D-221227;10.74;50
D-221228;33.02;27
D-221229;41.31;50
D-221230;19.83;50
D-221231;20.62;36
D-221232;15.69;14
D-221233;15.69;10
D-221234;16.49;50
D-221235;24.75;40
D-221236;16.49;0
D-221254;27.26;0
D-221255;52.06;16
D-221606;14.04;0
D-222125;12.39;3
D-222126;12.39;12
D-222127;12.39;6
D-222128;12.39;4
D-222129;12.39;0
D-222230;12.39;0
D-222231;12.39;16
D-222232;12.39;5
D-222233;12.39;2
D-224975;99.13;2
D-224976;71.07;0
D-224977;66.07;2
D-224978;33.02;0
D-224979;35.50;6
D-225297;10.74;8
D-226690;21.48;0
D-226691;15.69;45
D-226692;9.91;2
D-226694;28.88;0
D-226697;24.75;50
D-226698;20.65;0
D-226699;24.75;0
D-226720;18.17;0
D-226721;16.49;50
D-226723;19.83;33
D-226725;9.91;50
D-226726;8.22;50
D-226727;9.91;13
D-226728;11.56;50
D-226908;14.01;42
D-226909;15.69;41
D-226910;18.14;0
D-226911;15.69;7
D-226912;15.69;0
D-226913;14.01;0
D-226914;12.36;0
D-226915;23.10;8
D-227228;10.74;50
D-227229;24.75;50
D-227230;20.62;50
D-227231;23.96;50
D-227422;22.31;50
D-227423;21.48;50
D-227424;23.96;50
D-227998;16.49;0
D-228925;16.49;50
D-229185;43.79;1
D-229187;28.09;2
D-229188;29.74;2
D-229189;28.92;1
D-229190;55.36;0
D-229250;24.75;37
D-229252;23.93;20
D-229253;24.75;50
D-229255;15.69;21
D-229256;15.69;50
D-229260;24.75;0
D-229262;23.93;0
D-229263;24.75;50
D-229265;10.74;50
D-229266;15.69;0
D-229275;39.63;0
D-229276;21.45;50
D-229281;40.45;0
D-229282;9.08;50
D-229291;21.45;34
D-229292;14.01;33
D-229294;22.27;14
D-229295;21.45;50
D-229296;18.97;38
D-230037;14.01;50
D-230066;8.26;50
D-230090;19.79;35
D-230091;21.45;37
D-230092;21.45;50
D-230093;12.39;0
D-230097;21.45;50
D-230098;19.79;50
D-230099;20.62;21
D-230100;22.27;23
D-230102;23.10;41
D-230226;4.95;50
D-230227;4.95;13
D-230228;4.95;2
D-230338;23.93;9
D-230342;23.10;50
D-230346;22.27;19
D-230347;7.43;50
D-230348;21.45;50
D-230354;21.45;50
D-230355;24.75;48
D-230357;20.62;50
D-230359;21.45;5
D-231255;22.27;50
D-231304;41.28;26
D-234705;14.01;50
D-236011;7.43;50
D-236013;8.22;50
D-236015;10.70;50
D-236016;10.70;20
D-236017;16.49;0
D-236018;16.49;50
D-236019;4.95;50
D-236540;12.39;10
D-236550;38.83;2
D-237013;28.92;50
D-237016;18.17;50
D-238339;14.04;3
D-238340;31.40;2
D-238394;14.04;2
D-238395;12.39;0
D-238396;23.96;1
D-238400;14.04;0
D-238401;14.04;2
D-239245;34.70;2
D-239254;79.33;2
D-239256;43.79;1
D-239384;5.78;4
D-239386;7.43;36
D-239541;24.79;0
D-239542;25.61;2
D-240655;3.30;0
D-240656;5.78;0
D-240657;13.21;41
D-240658;5.78;37
D-240659;9.08;0
D-240660;15.69;0
D-240754;9.08;34
D-240755;8.26;0
D-240756;11.56;50
D-240757;16.52;37
D-240758;15.69;41
D-240759;15.69;44
D-240760;15.69;46
D-240761;9.08;45
D-240762;9.08;50
D-240763;7.43;0
D-240764;7.43;50
D-240765;15.69;50
D-240766;15.69;50
D-240767;15.69;50
D-240768;15.69;45
D-240769;7.43;21
D-240770;8.26;50
D-240771;12.39;50
D-240772;15.69;50
D-240773;14.04;50
D-240774;15.69;50
D-240775;13.21;48
D-240776;14.04;50
D-240777;12.39;47
D-240778;14.04;50
D-240779;11.56;50
D-240780;10.74;36
D-240781;10.74;50
D-240782;10.74;50
D-240783;10.74;49
D-240784;11.56;0
D-240785;11.56;27
D-240786;11.56;0
D-240787;11.56;24
D-240788;15.69;21
D-240789;11.56;50
D-240790;14.87;37
D-240791;14.04;35
D-240792;14.04;12
D-240793;11.56;50
D-240794;11.56;42
D-240795;11.56;50
D-240796;9.08;0
D-240797;14.04;40
D-240798;15.69;15
D-240799;15.69;37
D-240800;10.74;0
D-240801;12.39;23
D-240802;14.04;39
D-240803;15.69;33
D-240804;15.69;30
D-240805;14.04;28
D-240806;15.69;31
D-240807;10.74;0
D-240808;15.69;17
D-240809;11.56;50
D-240810;13.21;39
D-240811;11.56;50
D-240812;8.26;0
D-240813;13.21;0
D-240814;9.91;0
D-240815;11.56;0
D-240816;13.21;0
D-240817;9.91;44
D-240818;11.56;45
D-240819;13.21;0
D-240820;10.74;7
D-240821;10.74;32
D-240822;10.74;32
D-240823;9.91;22
D-240824;9.91;0
D-240825;6.60;7
D-240826;9.91;0
D-240827;6.60;47
D-240828;9.08;33
D-240829;9.08;50
D-240830;9.08;17
D-240831;9.91;48
D-240832;9.08;50
D-240833;9.08;39
D-240834;5.78;50
D-240835;5.78;50
D-240836;3.30;0
D-240837;3.30;0
D-240838;3.30;10
D-240839;3.30;25
D-240840;3.30;35
D-240841;5.78;32
D-240842;3.30;0
D-240843;3.30;41
D-240844;3.30;50
D-240845;3.30;0
D-240846;3.30;0
D-240847;3.30;6
D-240848;3.30;50
D-240849;4.95;50
D-240850;4.95;41
D-240851;4.95;50
D-240852;4.12;50
D-240853;4.12;25
D-240854;6.60;50
D-240855;4.12;50
D-240856;4.12;18
D-240857;4.95;50
D-240858;4.95;50
D-240859;4.95;50
D-240860;7.43;50
D-240861;5.78;50
D-240862;5.78;50
D-240863;5.78;50
D-240864;4.95;45
D-240865;4.95;50
D-240866;5.78;50
D-240867;7.43;50
D-240868;4.95;50
D-240869;4.95;50
D-240870;5.78;50
D-240871;5.78;50
D-240872;4.12;45
D-240873;4.12;50
D-240874;11.56;21
D-240875;11.56;43
D-240876;5.78;50
D-240877;9.08;0
D-240878;9.91;40
D-240879;9.91;0
D-240880;9.08;30
D-240881;9.91;50
D-240882;9.08;45
D-240883;9.91;48
D-240884;9.91;35
D-240885;9.91;0
D-240886;7.43;0
D-240887;7.43;0
D-240907;6.60;28
D-240908;4.95;38
D-240909;7.43;1
D-240912;8.26;10
D-240913;10.74;4
D-240914;8.26;20
D-240915;7.43;0
D-240916;7.43;13
D-240917;10.74;16
D-240918;4.95;4
D-240919;4.95;0
D-240920;7.43;14
D-240921;4.95;19
D-240922;4.95;8
D-240923;8.26;19
D-240924;8.26;27
D-240925;4.95;0
D-240926;3.30;0
D-240997;7.43;0
D-240998;4.95;4
D-240999;10.74;50
D-241000;10.74;33
D-241001;10.74;0
D-241002;7.43;11
D-241003;6.60;50
D-241004;6.60;6
D-241005;9.08;41
D-241006;9.08;50
D-241007;9.91;8
D-241008;8.26;50
D-241009;10.74;18
D-241010;8.26;50
D-241011;8.26;50
D-241012;9.08;50
D-241013;9.08;50
D-241014;6.60;0
D-241015;6.60;32
D-241016;6.60;0
D-241017;9.91;48
D-241018;8.26;42
D-241019;8.26;50
D-241020;6.60;28
D-241021;6.60;21
D-241022;6.60;50
D-241023;6.60;50
D-241024;6.60;0
D-241025;6.60;28
D-241026;6.60;0
D-241027;6.60;0
D-241028;6.60;0
D-241029;6.60;0
D-241030;9.08;18
D-241031;9.08;45
D-241032;9.08;25
D-241033;9.08;0
D-241034;9.08;31
D-241035;7.43;26
D-241036;7.43;0
D-241037;5.78;13
D-241038;7.43;50
D-241039;7.43;50
D-241040;5.78;50
D-241041;8.26;0
D-241042;8.26;50
D-241043;7.43;24
D-241044;7.43;50
D-241045;7.43;50
D-241046;8.26;50
D-241047;7.43;50
D-241048;9.91;50
D-241049;8.26;50
D-241050;7.43;46
D-241051;7.43;48
D-241052;8.26;47
D-241053;6.60;36
D-241054;8.26;3
D-241055;8.26;49
D-241056;8.26;50
D-241057;8.26;50
D-241058;8.26;50
D-241059;8.26;50
D-241061;6.60;39
D-241062;9.91;43
D-241063;9.08;50
D-241064;6.60;0
D-241065;11.56;50
D-241066;11.56;29
D-241067;10.74;50
D-241068;10.74;28
D-241069;6.60;16
D-241070;9.08;50
D-241072;9.08;50
D-241073;7.43;50
D-241074;6.60;22
D-241075;6.60;49
D-241076;6.60;11
D-241077;9.08;50
D-241078;6.60;0
D-241079;8.26;46
D-241080;8.26;44
D-241081;8.26;43
D-241082;9.91;50
D-241083;9.08;34
D-241084;9.08;50
D-241085;7.43;0
D-241086;8.26;50
D-241087;8.26;41
D-241088;6.60;50
D-241089;9.08;26
D-241090;7.43;50
D-241091;4.95;50
D-241092;7.43;50
D-241093;7.43;50
D-241094;4.12;50
D-241095;4.12;0
D-241096;6.60;50
D-241097;6.60;50
D-241098;6.60;50
D-241099;5.78;50
D-241100;5.78;0
D-241101;4.95;0
D-241102;6.60;50
D-241103;6.60;50
D-241104;3.30;0
D-241105;9.08;12
D-241106;7.43;13
D-241107;7.43;50
D-241108;7.43;33
D-241109;7.43;50
D-241113;10.74;50
D-241114;7.43;50
D-241421;14.87;0
D-241422;19.83;0
D-241423;19.00;1
D-241424;20.65;0
D-241425;39.66;2
D-241426;43.79;1
D-241471;54.54;1
D-242142;22.31;38
D-242143;22.31;37
D-242144;22.31;0
D-243639;53.71;0
D-243651;75.20;3
D-243652;53.71;2
D-243653;31.40;2
D-243654;51.23;0
D-243660;66.11;2
D-243661;38.01;2
D-243662;76.85;2
D-243663;53.71;3
D-243664;71.07;1
D-243665;74.37;2
D-245072;38.80;50
D-245443;5.78;0
D-245444;5.78;0
D-245445;5.78;0
D-245447;5.78;0
D-245448;5.78;2
D-246324;9.91;9
D-246325;12.39;20
D55-21765;12.36;49
PD2029-23;54.54;7
PD2151-23;36.36;32
PD2154-23;43.79;28
PD2172-00;14.87;40
PD2183-23;44.62;6
PD2191-23;82.64;6
PD3630-00;18.17;22
PD3741-23;24.79;22
PD3742-23;33.05;6
PD3800-00;5.78;50
PD3800-23;8.26;50
PD3801-23;13.21;35
PD3801-26;8.26;9
PD3805-00;13.21;22
PD3807-00;19.83;13
PD3820-23;53.71;10
PD3841-00;17.35;16
PD3853-00;31.40;24
PD3869-23;15.69;11
PD3987-27;14.04;50
PD3996-27;16.52;38
PD4413-23;10.74;38
PD4424-00;40.49;3
PD4443-23;19.00;11
PD4454-23;39.66;19
SR1044;38.67;3
D-195474;14.04;23
D-205365;59.46;2
D-205367;56.16;0
D-205368;57.81;0
D-205369;57.81;0
D-205371;59.46;0
D-205373;56.16;0
D-205403;185.91;0
D-205428;66.07;3
D-210071;12.67;2
D-213785;28.93;4
D-216320;5.78;5
D-218521;45.41;0
D-218522;57.81;0
D-218575;45.45;50
D-218576;45.45;36
D-218577;45.45;5
D-218900;45.41;50
D-218904;38.83;50
D-218908;10.70;50
D-218909;20.62;50
D-218914;8.22;50
D-218915;14.04;50
D-218916;12.39;50
D-219196;34.70;20
D-219201;26.44;34
D-219433;45.41;0
D-220012;51.23;21
D-220428;26.44;17
D-220798;13.18;0
D-221151;16.49;0
D-221152;22.31;0
D-221153;28.92;0
D-221154;27.26;35
D-221157;7.43;0
D-221170;8.22;35
D-221182;13.21;21
D-221183;13.21;6
D-221184;11.56;50
D-221185;11.56;50
D-221186;20.65;50
D-221187;21.45;13
D-221188;13.21;49
D-221189;9.91;46
D-221190;7.36;50
D-221191;16.49;5
D-221212;14.04;50
D-221213;14.04;50
D-221214;12.39;21
D-221216;12.39;50
D-221217;16.49;0
D-221218;7.43;50
D-221219;8.22;50
D-221221;28.92;0
D-221604;12.36;0
D-221605;12.36;24
D-221772;55.33;50
D-221773;45.41;0
D-221774;56.16;50
D-221824;12.36;37
D-223911;35.53;2
D-224958;56.16;2
D-224980;42.93;1
D-224981;45.41;2
D-226693;14.01;0
D-226696;22.31;50
D-226724;20.65;1
D-227094;106.60;2
D-227095;156.19;15
D-227096;189.25;4
D-227097;238.83;8
D-227098;296.69;5
D-227099;362.80;3
D-227108;90.07;1
D-227109;57.02;6
D-227110;70.24;2
D-227111;57.02;3
D-227112;70.24;7
D-227115;48.75;7
D-227117;90.07;2
D-227118;90.07;7
D-227119;40.49;5
D-227120;48.75;1
D-227121;48.75;3
D-227122;114.87;8
D-227124;90.07;2
D-227126;40.49;3
D-227127;57.02;3
D-227128;9.91;20
D-227129;12.39;19
D-227131;15.69;13
D-227133;40.49;0
D-227134;15.69;8
D-227136;329.74;5
D-227137;12.39;23
D-227139;40.49;8
D-227232;12.39;50
D-227233;14.04;50
D-227421;10.74;1
D-227425;12.39;24
D-227426;14.04;50
D-228840;48.75;6
D-229254;19.00;4
D-229257;15.69;0
D-229264;19.00;20
D-229267;15.69;50
D-229279;33.02;0
D-229280;22.27;16
D-229284;22.27;50
D-229289;18.97;3
D-229290;21.45;50
D-229293;14.01;40
D-229349;90.07;3
D-230010;40.49;12
D-230018;24.75;50
D-230054;22.27;13
D-230103;21.45;9
D-230105;23.10;50
D-230110;20.62;50
D-230140;24.75;0
D-230970;18.60;50
D-231204;22.27;3
D-231563;98.34;8
D-231858;15.91;22
D-231859;10.74;3
D-231860;8.26;0
D-236010;8.22;50
D-236014;8.22;50
D-236020;10.74;50
D-236541;19.83;4
D-236542;42.97;23
D-236553;22.31;3
D-237828;78.50;12
D-238391;15.69;0
D-239385;9.08;3
D-240676;3.30;26
D-240677;7.43;50
D-240678;11.56;50
D-240679;3.30;27
D-240680;3.30;0
D-240681;4.12;0
D-240682;10.74;42
D-240683;10.74;17
D-240684;9.08;50
D-240685;9.08;50
D-240686;7.43;50
D-240687;8.26;9
D-240688;9.08;29
D-240689;3.30;0
D-240690;3.30;4
D-240691;4.95;0
D-240692;7.43;0
D-240693;7.43;9
D-240694;6.60;0
D-240695;5.78;50
D-240696;2.47;0
D-240697;2.47;0
D-240698;2.47;0
D-240699;2.47;0
D-240700;4.12;41
D-240701;4.12;0
D-240702;7.43;29
D-240703;7.43;25
D-240704;4.95;0
D-240705;7.43;0
D-240706;6.60;0
D-240707;4.95;11
D-240708;4.95;50
D-240709;6.60;0
D-240710;4.12;10
D-240711;4.12;0
D-240712;4.95;0
D-240713;4.95;0
D-240714;4.95;0
D-240715;6.60;41
D-240716;6.60;0
D-240717;5.78;0
D-240718;5.78;0
D-240719;5.78;0
D-240720;5.78;0
D-240721;9.08;22
D-240722;8.26;0
D-240723;7.43;0
D-240724;6.60;0
D-240725;5.78;0
D-240726;5.78;33
D-240727;9.08;6
D-240728;9.91;19
D-240729;4.12;38
D-240730;9.08;0
D-240731;4.95;38
D-240732;4.95;50
D-240733;4.95;12
D-240734;4.95;0
D-240735;9.08;0
D-240736;9.08;17
D-240737;4.95;0
D-240738;4.95;0
D-240739;4.95;0
D-240740;4.95;31
D-240741;4.12;50
D-240742;3.30;0
D-240743;3.30;0
D-240744;3.30;0
D-240745;9.08;35
D-240746;5.78;50
D-240747;5.78;0
D-240748;6.60;15
D-240749;5.78;0
D-240750;8.26;0
D-240751;6.60;0
D-240752;5.78;0
D-240753;5.78;46
D-241110;7.43;50
D-241111;8.26;45
D-241112;9.91;0
D-241427;10.74;0
D-241428;11.56;0
D-241447;127.26;1
D-241478;20.65;14
D-241479;47.93;10
D-241480;33.05;1
D-241481;33.05;14
D-241482;23.13;0
D-241483;28.92;1
D-241939;305.78;10
D-241940;305.78;1
D-241941;362.81;1
D-241942;363.63;2
D-241943;660.33;1
D-241944;660.33;1
D-242954;28.88;50
D-242955;37.15;50
D-242956;37.15;50
D-242957;28.88;50
D-242958;37.15;50
D-242959;28.88;50
D-242960;33.02;50
D-242961;41.28;50
D-242962;41.28;50
D-242963;41.28;50
D-242964;37.15;50
D-242965;33.02;50
D-242966;37.15;50
D-242967;41.28;50
D-242968;45.41;50
D-242969;41.28;50
D-242970;49.55;0
D-242971;57.81;29
D-242972;53.68;0
D-243627;14.04;0
D-243628;14.04;2
D-243632;26.44;0
D-243634;25.61;0
D-243635;37.18;1
D-243637;26.44;0
D-243638;28.92;1
D-243640;35.53;1
D-243641;32.22;0
D-243643;40.49;4
D-243645;26.44;0
D-243647;47.10;1
D-243657;71.07;1
D-243658;52.06;1
D-243659;71.07;5
D-243667;31.40;2
D-243668;31.40;0
D-243669;47.10;2
D-243670;34.70;1
D-243675;31.40;1
D-243680;40.49;1
D-243689;48.75;8
D-243690;48.75;6
D-243691;147.93;3
D-243692;98.34;7
D-243693;48.75;5
D-243694;28.92;3
D-243695;20.65;10
D-243696;15.69;11
D-243697;15.69;8
D-244929;50.41;8
D-245140;395.86;9
D-245965;42.14;0
D-246326;148.75;6
D-246340;495.86;2
PD2198-00;101.64;7
PD3221-20;33.88;28
PD3699-23;33.88;7
PD3703-00;11.56;9
PD-3711-00;4.95;50
PD3716-00;74.37;21
PD3931-00;28.92;2
PD4435-00;11.56;47
PD4437-23;7.43;4
PD4783-23;51.23;4
PD5927-23;39.66;31
PD5928-23;39.66;50
D-212409;7.43;6
D-221202;15.69;0
D-221203;15.69;0
D-221204;15.69;13
D-221205;15.69;50
D-221206;12.36;50
D-221207;15.69;50
D-221208;12.36;50
D-221209;13.21;0
D-221220;15.69;50
D-221222;15.69;50
D-224982;35.50;12
D-224983;57.81;1
D-224984;40.49;0
D-224985;41.28;0
D-238393;13.21;1
D-239387;8.26;0
D-239543;11.56;12
D-239544;11.56;0
D-239545;11.56;2
D-243646;37.18;0
PD3737-23;10.74;5
D-240996;9.08;0
D-208603;70.21;6
D-208606;40.49;0
D-218524;40.49;2
D-219430;56.16;3
D-221156;21.48;1
D-221238;12.36;35
D-221239;14.04;50
D-221245;14.04;50
D-226735;13.21;48
D-229251;33.02;50
D-229258;21.45;50
D-229261;33.02;50
D-229268;21.45;50
D-229278;33.05;50
D-229283;22.27;0
D-230125;14.04;28
D-230141;28.88;49
D-231285;22.27;50
D-231899;27.26;20
D-233391;28.09;0
D-236543;16.52;21
D-236551;14.04;1
D-236552;14.04;7
D-238389;17.35;2
D-238390;20.65;1
D-239894;34.70;1
D-240927;8.26;45
D-240928;16.52;39
D-240929;2.47;0
D-240930;3.30;37
D-240931;3.30;19
D-240932;3.30;0
D-240933;3.30;0
D-240934;3.30;0
D-240935;3.30;0
D-240936;4.12;30
D-240937;4.12;40
D-240938;4.12;2
D-240939;6.60;0
D-240940;6.60;35
D-240941;3.30;33
D-240942;4.12;27
D-240943;4.95;50
D-240944;3.30;0
D-240945;4.12;21
D-240946;4.12;19
D-240947;4.12;21
D-240948;5.78;27
D-240949;5.78;44
D-240950;4.95;0
D-240951;3.30;0
D-240952;6.60;45
D-240953;5.78;22
D-240954;4.12;0
D-240955;5.78;1
D-240956;5.78;45
D-240957;5.78;4
D-240958;5.78;0
D-240959;5.78;0
D-240960;2.47;0
D-240961;4.12;0
D-240962;3.30;0
D-240963;3.30;13
D-240964;3.30;46
D-240965;3.30;0
D-240966;4.12;32
D-240967;4.12;0
D-240968;4.95;45
D-240969;9.91;50
D-240970;7.43;45
D-240971;11.56;41
D-240972;9.91;21
D-240973;11.56;32
D-240974;10.74;22
D-240975;10.74;0
D-240976;6.60;50
D-240977;7.43;43
D-240978;4.95;0
D-240979;5.78;20
D-240980;5.78;48
D-240981;7.43;50
D-240982;6.60;50
D-240983;4.95;42
D-240984;4.95;35
D-240985;10.74;34
D-240986;8.26;9
D-240987;10.74;50
D-240988;6.60;0
D-240989;6.60;35
D-240990;6.60;50
D-240991;6.60;45
D-240992;6.60;15
D-240993;8.26;11
D-240994;8.26;0
D-240995;8.26;0
D-241300;4.95;24
D-242145;22.31;0
D-242459;28.92;28
D-246327;48.75;0
PD2177-00;11.56;13
PD3607-26;11.56;18
PD3671-23;24.79;5
PD3977-27;14.04;50
PD3988-27;31.40;3
PD4460-23;16.52;50
D-211891;23.93;0
D-211892;23.93;1
D-211893;23.93;0
D-211894;23.10;0
D-211895;28.88;3
D-230057;33.02;24
D-231205;23.10;3
D-241280;10.74;46
D-241284;12.39;50
D-205417;15.69;0
D-205418;15.69;0
D-205419;18.14;0
D-205420;18.14;0
D-205421;18.14;0
D-205422;18.14;0
D-208608;23.93;0
D-227125;57.02;5
D-229337;24.75;0
D-229338;24.75;3
D-229339;26.44;2
D-229340;24.75;0
D-229341;24.75;1
D-233155;48.75;2
D-233164;48.75;6
D-245586;16.52;9
D-245587;15.69;6
D-245588;15.69;2
D-245589;22.31;10
D-245590;22.31;9
D-205414;45.41;0
D-205415;70.21;0
D-205416;61.12;0
D-208609;23.10;0
D-218519;26.44;0
D-219431;35.50;0
D-238392;21.48;0
D-243666;22.31;0
PD3926-00;24.79;5
D-205402;60.32;5
D-205475;56.16;1
D-205477;45.41;4
D-205478;56.16;1
D-205480;59.46;0
D-205481;56.16;0
D-205761;61.12;0
D-208610;71.07;2
D-208611;71.07;7
D-226695;19.00;45
D-226921;22.27;50
D-235861;33.02;50
D-235862;35.53;0
D-235863;35.53;50
D-235864;24.75;0
D-235865;33.05;27
D-235866;27.26;0
D-235867;22.31;39
D-235868;22.31;29
D-235869;27.26;27
D-235870;24.75;50
D-235871;27.26;50
D-235872;24.75;14
D-239246;45.45;1
D-239247;45.45;2
D-239249;62.80;1
D-239251;63.63;1
D-242147;8.26;14
D-243633;35.53;0
D-243673;64.45;2
D-243674;62.80;2
D-205348;33.02;5
D-205349;33.02;0
D-205350;36.32;0
D-205351;24.75;3
D-205352;35.50;0
D-205353;24.75;0
D-205354;28.09;4
D-205358;35.50;1
D-205359;24.75;6
D-205366;37.15;1
D-205370;40.49;4
D-205372;59.46;7
D-205374;40.49;3
D-205375;41.28;0
D-205376;45.41;0
D-205377;24.75;1
D-205378;26.44;3
D-205379;30.54;1
D-205380;30.54;0
D-205381;33.02;5
D-205390;23.93;6
D-205391;30.54;18
D-205392;30.54;0
D-205393;33.02;14
D-205394;23.10;0
D-205395;23.10;2
D-205396;23.93;1
D-205397;23.93;0
D-205399;82.60;3
D-205423;45.41;3
D-205424;45.41;0
D-205425;56.16;0
D-205426;57.81;3
D-205427;59.46;2
D-208605;33.02;0
D-218523;42.93;0
D-224960;23.10;1
D-224967;24.75;3
D-224968;26.44;2
D-224969;28.88;3
D-224970;30.54;0
D-224971;33.02;0
D-241240;6.60;33
D-241241;7.43;21
D-241242;6.60;22
D-241243;9.08;50
D-241244;7.43;36
D-241245;7.43;50
D-241246;7.43;50
D-241247;11.56;49
D-241248;9.08;50
D-241249;11.56;50
D-241250;11.56;50
D-241251;7.43;50
D-241252;9.08;50
D-241253;8.26;42
D-241254;6.60;0
D-241255;7.43;50
D-241256;12.39;50
D-241257;9.91;50
D-241258;9.91;50
D-241259;6.60;50
D-241260;6.60;7
D-241261;6.60;0
D-241262;10.74;43
D-241263;4.95;25
D-241264;8.26;36
D-241265;7.43;50
D-241266;14.87;0
D-241267;9.91;50
D-241268;14.87;50
D-241269;8.26;50
D-241270;8.26;50
D-241271;7.43;39
D-241272;6.60;32
D-241273;6.60;50
D-241274;7.43;50
D-241275;9.08;49
D-241276;8.26;50
D-241277;9.08;0
D-241278;14.04;50
D-241279;9.08;50
D-241281;6.60;18
D-241282;8.26;50
D-241283;7.43;11
D-241285;9.91;50
D-241286;5.78;20
D-241287;5.78;50
D-241288;7.43;50
D-241289;4.95;28
D-241290;14.04;0
D-241291;14.04;50
D-241292;3.30;0
D-241293;3.30;0
D-241294;3.30;0
D-241295;9.91;50
D-241296;9.91;50
D-241297;9.91;50
D-241298;10.74;50
D-241299;9.91;45
D-241301;20.65;50
D-241302;5.78;50
D-241303;6.60;50
D-243679;57.02;7
D-243681;57.02;0
D-243682;18.17;5
D-243683;18.17;8
D-243684;47.10;4
D-243685;49.58;6
D-243686;52.06;4
D-243687;53.71;6
D-243688;57.02;3
D-223914;15.69;8
D-223915;15.69;3
D-243636;53.71;2
PD4464-23;17.35;12
PD4465-23;24.79;34
D-195209;8.26;50
D-221256;11.53;0
D-221257;14.01;50
D-221259;14.01;50
D-221261;14.01;50
D-221262;14.01;0
D-221263;14.01;40
D-238404;9.08;2
D-238405;9.08;0
D-243629;8.26;0
D-243630;8.26;3
D-225076;31.40;2
D-236544;54.54;4
D-246191;74.37;1
D-246197;37.18;12
PD2176-23;52.88;7
D-218903;15.69;50
D-218920;19.83;50
D-237014;28.92;50
D-237015;32.22;50
D-237017;23.96;50
D-238397;38.01;2
D-241472;64.45;1
D-241473;64.45;2
D-241474;72.72;2
D-241476;120.65;1
D-241477;120.65;2
D-242146;24.79;5
D-243650;71.89;2
D-245582;47.93;0
D-245583;41.31;1
D-216338;5.78;15
D-218906;9.08;50
D-218907;9.08;50
D-236012;8.22;50
D-240891;4.12;0
D-240892;4.12;0
D-240893;3.30;0
D-240894;4.95;46
D-240895;4.12;29
D-240896;4.95;50
D-240897;4.12;48
D-240898;3.30;0
D-240899;4.12;15
D-240900;2.47;0
D-240901;3.30;24
D-240902;3.30;0
D-240903;3.30;0
D-240904;3.30;0
D-240905;3.30;18
D-240906;3.30;29
D-240910;4.95;34
D-240911;4.12;50
D-241420;8.26;3
D-243631;28.92;3
D-243672;19.83;0
D55-21768;12.39;50
PD3903-23;8.26;1
PD3908-23;9.08;50
D-231299;28.92;22
D-231300;28.92;33
D-232955;18.14;50
D-205400;98.34;1
D-221147;16.49;0
D-221148;16.49;50
D-221149;24.75;0
D-221150;49.58;50
D-222786;49.58;50
D-230121;21.45;15
PD3855-01;19.83;50
D-194502;8.22;0
D-194503;6.60;0
D-196280;20.65;50
D-196286;30.54;50
D-196287;14.01;50
D-199841;20.65;18
D-205191;9.08;50
D-205355;45.41;5
D-205356;45.41;3
D-205357;45.41;1
D-205360;45.41;0
D-205361;56.16;1
D-205362;59.46;0
D-205382;45.41;4
D-205383;56.16;2
D-205388;66.07;4
D-205389;66.07;3
D-205405;61.12;4
D-205406;45.41;0
D-205407;24.75;9
D-205408;24.75;3
D-205410;40.49;1
D-205411;33.02;8
D-205412;24.75;0
D-205413;57.81;2
D-208604;23.93;6
D-208607;21.45;5
D-210482;19.83;23
D-211727;15.69;50
D-211729;15.69;50
D-211731;51.23;41
D-211732;15.69;50
D-211740;18.17;46
D-211747;18.17;24
D-211748;18.17;50
D-211749;20.65;50
D-211805;34.70;2
D-211890;61.12;3
D-212416;11.56;49
D-212417;11.56;18
D-212418;19.83;6
D-212419;19.83;4
D-213046;18.17;23
D-213047;20.65;4
D-213048;20.65;50
D-216039;8.22;50
D-216040;11.49;50
D-216041;14.79;50
D-216053;12.36;31
D-216054;12.36;50
D-216055;12.36;50
D-216056;14.01;50
D-216057;14.01;50
D-216058;14.01;50
D-216059;16.49;50
D-216060;16.49;50
D-216061;16.49;50
D-216225;19.00;4
D-216228;15.69;5
D-216237;22.31;3
D-216245;29.74;1
D-219191;66.07;32
D-219199;34.70;12
D-219255;6.60;0
D-219432;82.60;0
D-219501;46.27;5
D-219976;6.60;0
D-219977;6.60;0
D-220151;14.01;50
D-220152;12.36;0
D-220153;11.53;0
D-220154;13.18;0
D-220155;12.36;50
D-221135;22.27;50
D-221136;22.27;0
D-221137;35.50;0
D-221138;24.75;0
D-221139;35.50;50
D-221366;11.56;50
D-221367;19.83;5
D-221368;11.56;10
D-221369;19.83;5
D-221370;11.56;50
D-221371;19.83;7
D-221372;11.56;43
D-221373;19.83;6
D-221722;8.22;29
D-221723;14.83;10
D-221726;21.48;0
D-221727;20.65;3
D-221801;19.83;24
D-221850;14.01;0
D-221852;20.62;2
D-221853;20.62;0
D-221859;26.44;7
D-222052;14.01;50
D-222053;15.66;50
D-222054;8.22;50
D-222055;12.39;0
D-222072;14.01;0
D-222073;14.01;50
D-222198;24.75;50
D-222228;21.90;3
D-222229;21.90;5
D-222237;21.48;8
D-222557;24.75;49
D-222558;32.22;19
D-222810;26.44;7
D-222811;23.10;0
D-222813;25.58;4
D-222815;29.74;4
D-222816;27.23;15
D-222817;30.54;5
D-222818;31.36;4
D-222825;34.67;0
D-222829;40.49;2
D-222835;55.33;0
D-222836;57.81;1
D-222838;80.16;0
D-222839;88.42;0
D-222870;94.21;0
D-222964;49.58;1
D-222966;45.41;0
D-222967;37.15;0
D-223108;37.15;1
D-223116;20.62;1
D-223117;19.00;2
D-223618;31.40;1
D-223619;36.36;1
D-223804;32.22;0
D-223813;33.05;1
D-223980;16.49;0
D-224961;33.02;0
D-224962;33.02;4
D-224963;24.75;5
D-224964;33.02;0
D-224965;33.02;0
D-224966;24.75;7
D-225066;19.00;4
D-225229;14.87;3
D-225236;13.21;2
D-225295;20.65;2
D-225300;25.61;2
D-226995;20.62;50
D-227113;57.02;2
D-227114;70.24;8
D-227123;98.34;7
D-227135;90.07;6
D-227285;8.26;50
D-227615;12.36;50
D-227616;14.01;50
D-227618;27.26;50
D-227619;14.01;0
D-227630;20.62;0
D-227631;20.62;31
D-227634;20.62;50
D-227639;37.18;0
D-227640;16.49;23
D-228035;19.00;15
D-228360;49.58;44
D-228361;49.58;0
D-228362;57.81;0
D-228363;52.06;50
D-228364;61.98;18
D-228501;16.52;0
D-228502;16.52;1
D-228561;73.55;6
D-229504;57.81;0
D-229506;56.98;25
D-229591;39.63;0
D-229592;39.63;0
D-229758;57.84;10
D-230300;10.74;50
D-230641;28.09;18
D-230646;28.09;0
D-231226;12.36;50
D-231227;62.77;1
D-231264;62.77;35
D-231267;66.07;41
D-231268;66.07;11
D-231763;20.65;0
D-232202;15.69;0
D-232203;15.69;1
D-232204;19.83;1
D-232205;19.83;3
D-232588;74.37;50
D-232941;15.69;0
D-233105;45.45;1
D-233106;45.45;2
D-233107;45.45;1
D-233390;26.44;3
D-234322;66.90;16
D-234364;16.49;0
D-234365;14.01;50
D-234366;19.79;50
D-234367;21.48;40
D-234368;14.01;0
D-234369;19.79;0
D-234370;22.31;50
D-234371;14.01;50
D-234372;19.79;50
D-234373;22.31;50
D-234374;14.01;50
D-234375;19.79;0
D-234376;22.31;50
D-234377;14.01;50
D-234378;19.79;50
D-234379;22.31;50
D-234380;14.01;50
D-234381;19.79;50
D-234382;22.31;0
D-234385;15.69;50
D-234386;15.69;50
D-234716;53.71;1
D-234738;12.39;11
D-234739;12.39;13
D-234740;12.39;9
D-234741;11.56;27
D-234742;11.56;40
D-234743;11.56;17
D-234762;33.05;0
D-234763;33.05;0
D-234775;12.39;50
D-234776;13.21;50
D-234781;57.81;50
D-234782;45.41;50
D-234783;41.28;19
D-234784;45.41;48
D-234786;28.09;50
D-235602;78.50;3
D-235737;16.49;0
D-235738;16.49;0
D-235739;16.49;14
D-235740;19.79;0
D-235741;19.79;8
D-235742;19.79;50
D-235743;22.31;50
D-235744;22.31;50
D-235745;22.31;50
D-235812;81.82;6
D-235813;99.17;14
D-235814;90.91;21
D-235923;19.00;50
D-235924;19.00;50
D-235925;19.00;50
D-235926;19.00;50
D-235927;27.26;50
D-235928;27.26;50
D-235929;27.26;50
D-235930;27.26;50
D-235931;29.74;50
D-235932;29.74;50
D-235933;29.71;50
D-235934;29.71;50
D-235935;18.93;50
D-235936;18.93;50
D-236537;28.92;0
D-239733;78.50;6
D-239754;33.05;21
D-239774;33.05;0
D-240661;11.56;0
D-240662;13.21;0
D-240663;15.69;0
D-240664;11.56;0
D-240665;13.21;0
D-240666;15.69;0
D-240667;11.56;0
D-240668;13.21;0
D-240669;15.69;0
D-240670;11.56;0
D-240671;13.21;0
D-240672;15.69;0
D-240673;9.91;0
D-240674;15.69;0
D-240675;19.00;0
D-240888;8.26;50
D-240889;8.26;45
D-240890;8.26;10
D-242588;14.04;44
D-242589;12.39;50
D-242590;9.91;40
D-242591;14.04;37
D-242592;12.39;50
D-242593;9.91;45
D-242594;14.04;32
D-242595;12.39;50
D-242596;9.91;0
D-245591;35.53;3
D-245592;19.83;6
D-245593;27.26;4
D-245594;22.31;2
D-245595;19.00;2
D-245596;16.52;3
D-245597;14.04;2
D-245598;33.05;0
D-245599;24.79;0
D-245600;16.52;4
D65-149096LL;8.22;50
D65-149096RJ;8.22;50
D65-149096RS;8.22;6
D65-149097LL;6.60;0
D65-149097RJ;8.22;50
PD4601-23;17.35;15
PD4603-23;30.57;1
PD4615-23;81.81;7
PD4616-23;66.11;18
PD4773-23;52.06;3
PD5909-23;46.27;2
D-245581;148.75;4
D-245584;330.57;0
D-246323;144.62;10
PD2121-23;161.15;18
PD2125-19;194.21;3
PD2185-00;39.66;21
PD2185-01;52.88;50
1000Q BLACK;9.08;0
1001Q;8.26;8
1001 RED;4.95;10
1001 WHITE;4.95;18
1011 BLACK;9.08;21
1011Q BLACK;13.21;5
1011 RED;9.08;9
1022 BLACK;13.21;26
1022 RED;13.21;0
1022 WHITE;13.21;5
1024Q BLACK;14.87;4
1067 BLACK;14.04;12
1101 BLACK;9.08;19
1101Q BLACK;14.04;23
1402Q;8.26;6
1404 BLACK;8.26;8
1404Q BLACK;8.26;0
1905 BEIGE;8.26;5
1905 BLACK;8.26;14
1905Q BLACK;9.08;13
1912 BLACK;9.08;5
3013 BLACK;6.60;3
3030 BLACK;6.60;10
6010 WHITE;9.08;4
6261 BLACK;11.56;25
6672 BLACK;6.60;28
9002 BLACK;8.26;7
9003 BLACK;9.08;5
9005 BLACK;9.08;0
9011 BLACK;6.60;36
9014 BLACK;8.26;7
9014 NEON;8.26;4
9014 RED;8.26;8
9014 WHITE;8.26;8
9015 BLACK;6.60;8
9020 BLACK;6.60;20
9023 BLACK;8.26;25
9023Q BLACK;9.91;13
9027 BLACK;8.26;10
9031 BLACK;6.60;10
9040 BLACK;8.26;6
9061 BLACK;12.39;8
9122 BLACK;13.21;8
9201 BLACK;12.39;3
9316 BLACK;12.39;9
9750 BLACK;14.87;12
9762 BLACK;10.74;6
9942 BLACK;14.87;5
D-196921;20.62;5
D-197024;20.62;13
D-197939;10.70;10
D-197941;10.70;35
D-197946;10.70;43
D-197947;10.70;50
D-197948;10.70;50
D-203815;20.65;1
D-203816;20.65;4
D-205469;66.07;1
D-205470;86.77;2
D-205471;56.16;0
D-205472;45.41;2
D-205473;45.41;1
D-205474;56.16;0
D-205476;62.77;1
D-207029;10.70;5
D-207030;10.70;17
D-207031;10.70;41
D-207033;33.02;19
D-207036;33.02;18
D-210533;14.04;5
D-210539;14.04;1
D-210546;12.39;5
D-210551;8.26;0
D-210556;8.26;10
D-210559;8.26;6
D-210560;8.26;5
D-210561;8.26;8
D-210562;8.26;5
D-210563;6.60;34
D-210564;6.60;1
D-210565;6.60;13
D-210567;6.60;15
D-210568;6.60;5
D-210654;8.26;2
D-210776;20.62;17
D-210777;20.62;12
D-210960;10.70;4
D-211028;49.59;2
D-211032;37.15;2
D-211034;49.59;11
D-211410;16.52;0
D-211411;16.52;0
D-212060;20.62;0
D-212061;20.62;9
D-212062;20.62;23
D-212065;20.65;0
D-212066;20.65;6
D-212067;20.65;0
D-212068;8.22;0
D-212069;10.70;0
D-212408;7.43;14
D-212648;10.70;9
D-212746;8.26;6
D-212776;37.15;11
D-212777;28.88;1
D-212882;33.02;39
D-213768;33.06;13
D-213770;49.59;2
D-213774;49.59;9
D-213776;45.45;4
D-213778;49.59;11
D-213781;28.93;3
D-213895;12.36;2
D-215316;8.26;17
D-215323;11.56;2
D-215767;8.22;15
D-215771;24.75;0
D-215772;24.75;1
D-215773;24.75;0
D-215774;24.75;2
D-215775;24.75;2
D-215776;24.75;2
D-215777;24.75;3
D-215778;24.75;1
D-216317;5.78;8
D-216318;5.78;5
D-216337;5.78;16
D-216479;23.96;2
D-216480;23.96;2
D-216629;22.31;3
D-216630;22.31;3
D21776;8.26;50
D-218061;10.74;18
D-218340;28.88;5
D-218341;28.88;0
D-218342;28.88;1
D-218343;28.88;2
D-218344;28.88;0
D-218345;28.88;1
D-218346;28.88;0
D-218347;28.88;1
D-218660;26.41;1
D-218848;39.66;1
D-218849;39.66;1
D-218868;42.14;1
D-218870;42.14;1
D-218871;42.14;1
D-218874;42.14;1
D-218886;54.54;2
D-218887;54.54;2
D-218888;54.54;2
D-218889;54.54;2
D-218930;46.27;4
D-218933;46.27;2
D-218999;10.74;1
D-219002;15.69;2
D-219005;10.74;1
D-219015;9.08;1
D-219053;36.36;2
D-219300;46.27;2
D-219301;46.27;1
D-219353;9.08;10
D-219386;24.75;2
D-220542;22.31;0
D-220588;20.65;0
D-220590;20.65;1
D-220591;20.65;0
D-220597;23.13;10
D-220625;22.31;0
D-220637;22.31;0
D-220648;22.31;0
D-220674;20.65;0
D-220675;20.65;0
D-220676;20.65;0
D-220677;20.65;0
D-220691;24.79;28
D-220693;27.26;30
D-220694;24.79;2
D-220695;24.79;0
D-220712;19.83;0
D-220713;19.83;2
D-220719;22.31;0
D-220723;24.79;0
D-220734;17.35;0
D-220735;17.35;0
D-220750;24.79;0
D-220753;24.79;7
D-220756;22.31;0
D-220760;22.31;0
D-220761;22.31;4
D-220775;23.13;6
D-220845;20.65;1
D-221140;6.60;50
D-221141;6.60;50
D-221142;8.22;50
D-221143;8.22;34
D-221144;7.43;50
D-221145;7.43;0
D-221146;5.78;50
D-221171;4.95;0
D-221172;5.74;50
D-221173;5.74;50
D-221174;5.78;50
D-221175;5.78;0
D-221176;5.78;50
D-221177;11.56;47
D-221178;11.56;28
D-221179;15.69;50
D-221180;13.21;50
D-221181;13.21;0
D-22138;14.83;28
D-221395;29.74;2
D-221404;28.09;1
D-221408;28.09;1
D-221409;28.09;1
D-221936;63.63;1
D-222031;8.26;2
D-222034;63.63;2
D-222038;63.63;1
D-222179;6.60;5
D-222180;8.26;6
D-222181;6.60;35
D-222183;6.60;50
D-222367;22.31;1
D-222487;28.92;1
D-222488;28.92;1
D-222521;29.13;3
D-222522;29.13;1
D-223287;9.08;15
D-225691;28.92;1
D-225692;28.92;2
D-225694;34.70;1
D-225697;40.49;1
D-226826;25.61;2
D-226827;25.61;2
D-226858;8.26;3
D-226860;6.60;5
D-226916;24.75;44
D-226918;14.01;50
D-226919;14.01;50
D-226920;14.01;50
D-226922;22.27;50
D-226923;35.50;37
D-226924;35.50;0
D-226925;22.27;46
D-226926;19.79;37
D-226927;19.79;0
D-226928;19.79;0
D-226929;22.27;0
D-226930;34.70;1
D-226931;34.70;1
D-226932;40.49;1
D-226933;40.49;2
D-226934;37.18;1
D-226935;37.18;2
D-226940;22.27;34
D-226941;22.27;0
D-226966;50.41;2
D-226967;50.41;1
D-226993;0.82;50
D-227227;10.74;50
D-227340;9.08;4
D-227341;6.60;4
D-227420;9.91;50
D-227468;14.01;0
D-227789;28.88;1
D-227790;28.88;2
D-227791;28.88;1
D-227792;28.88;2
D-227793;28.88;0
D-227794;28.88;2
D-227795;28.88;2
D-227796;28.88;0
D-227797;28.88;2
D-227798;28.88;1
D-227809;20.62;1
D-227810;20.62;1
D-227819;24.75;1
D-227820;24.75;1
D-227821;24.75;0
D-227822;24.75;1
D-227823;24.75;1
D-227824;24.75;0
D-227825;24.75;0
D-227826;24.75;0
D-227845;24.75;1
D-227846;24.75;1
D-227847;24.75;1
D-227848;24.75;2
D-227859;20.62;2
D-227860;20.62;2
D-227861;20.62;2
D-227862;20.62;2
D-227868;20.62;0
D-227869;20.62;2
D-227870;20.62;4
D-227871;20.62;3
D-227872;20.62;2
D-227901;20.62;2
D-227903;20.62;1
D-227906;20.62;1
D-227907;20.62;1
D-227909;20.62;1
D-227910;20.62;2
D-227919;20.62;2
D-227920;20.62;1
D-227921;20.62;2
D-227922;20.62;2
D-227923;20.62;2
D-227924;20.62;2
D-227925;20.62;2
D-227936;20.62;2
D-227937;8.22;8
D-227938;8.22;6
D-227978;16.49;2
D-227979;16.49;4
D-227980;16.52;2
D-227981;16.52;2
D-227982;16.52;2
D-227983;16.52;1
D-228303;13.21;3
D-228316;20.62;1
D-228317;20.62;1
D-228322;24.79;2
D-228323;24.79;5
D-228324;24.79;2
D-228325;20.65;4
D-228326;20.65;3
D-228327;20.65;4
D-228426;28.92;2
D-228431;20.65;1
D-228626;37.18;3
D-228672;10.21;1
D-229144;14.04;2
D-229249;15.69;50
D-229259;15.69;50
D-229277;21.45;50
D-230038;14.01;32
D-230040;19.79;39
D-230041;19.79;50
D-230043;14.01;50
D-230047;14.01;9
D-230048;14.01;50
D-230049;14.01;50
D-230050;14.01;50
D-230088;15.69;5
D-230190;24.75;47
D-230192;24.75;9
D-230193;24.75;50
D-230194;24.75;50
D-230195;24.75;0
D-230537;15.69;1
D-230608;14.83;1
D-231066;22.31;8
D-231073;18.17;5
D-231077;16.52;7
D-231078;19.00;0
D-231361;16.52;6
D-231365;23.13;1
D-231382;21.48;2
D-231431;8.22;1
D-231445;9.88;11
D-231618;5.74;6
D-231619;5.74;1
D-231627;5.74;5
D-231634;9.88;5
D-231639;8.22;1
D-231663;8.22;1
D-231666;8.22;4
D-231667;8.22;5
D-231669;8.22;12
D-231672;8.22;4
D-231696;10.70;3
D-236142;23.93;2
D-236144;23.93;2
D-236201;10.74;0
D-236202;28.88;0
D-236203;28.88;2
D-236205;30.54;0
D-236206;30.54;0
D-236207;30.54;0
D-236208;30.54;0
D-236213;28.09;5
D-236214;28.39;0
D-236215;28.39;2
D-236216;28.39;2
D-236217;22.27;6
D-236218;22.27;6
D-236219;22.27;10
D-236220;22.27;3
D-236221;22.27;0
D-236222;22.27;2
D-236229;23.10;2
D-236230;23.10;2
D-236231;23.10;2
D-236232;23.10;6
D-236233;23.10;3
D-236234;23.10;2
D-236243;30.54;0
D-236244;30.54;0
D-236249;26.44;0
D-236250;26.44;0
D-236253;23.10;1
D-236254;23.10;0
D-236255;23.10;12
D-236256;23.10;0
D-236257;23.10;0
D-236258;23.10;0
D-236259;23.10;10
D-236260;23.10;2
D-236261;23.10;2
D-236262;23.10;1
D-236263;23.10;2
D-236264;23.10;5
D-236265;23.10;0
D-236266;23.10;0
D-236267;23.10;1
D-236268;23.10;1
D-237703;10.74;6
D-237704;11.56;6
D-237707;13.21;9
D-237708;13.21;3
D-237709;13.21;9
D-237710;14.04;6
D-237712;14.04;1
D-237719;19.83;6
D-237721;14.87;5
D-237727;27.26;0
D-237729;20.65;0
D-237731;20.65;12
D-237732;20.65;3
D-237737;19.83;3
D-237738;19.83;8
D-237751;24.79;1
D-237755;37.18;1
D-237756;37.18;1
D-237763;24.79;2
D-237764;24.79;2
D-238341;13.21;2
D-238342;13.21;2
D-238343;17.35;0
D-238344;17.35;1
D-238345;16.52;1
D-238346;16.52;1
D-238347;22.31;1
D-238354;15.69;1
D-238355;17.35;1
D-238357;34.70;0
D-238358;34.70;1
D-238361;21.48;1
D-238362;21.48;1
D-238363;24.79;2
D-238364;24.79;1
D-238365;25.61;1
D-238614;24.79;0
D-238615;12.39;0
D-238616;12.39;4
D-238617;11.56;6
D-238618;11.56;1
D-238621;10.74;0
D-238622;11.56;9
D-238623;11.56;2
D-238624;11.56;5
D-238625;11.56;2
D-238626;11.56;0
D-238627;11.56;4
D-238628;10.74;29
D-238629;18.17;0
D-238630;17.35;2
D-238631;15.69;2
D-238641;17.35;1
D-238642;17.35;1
D-238643;17.35;1
D-238644;29.74;5
D-238645;29.74;3
D-238646;19.83;4
D-238647;19.83;0
D-238648;27.26;2
D-238650;48.75;1
D-238651;48.75;1
D-238652;48.75;1
D-238653;49.58;0
D-238654;49.58;2
D-238655;49.58;3
D-238656;49.58;2
D-238657;49.58;1
D-238658;49.58;2
D-238659;49.58;1
D-238660;49.58;2
D-238661;49.58;1
D-238662;49.58;2
D-238663;49.58;1
D-238664;49.58;0
D-238665;49.58;3
D-238666;45.45;0
D-238667;45.45;0
D-238668;45.45;0
D-238670;82.64;1
D-238671;82.64;1
D-238800;24.79;4
D-238801;24.79;2
D-238802;33.88;0
D-238803;33.88;3
D-238804;33.88;3
D-238805;33.88;1
D-238806;33.88;0
D-238807;33.88;4
D-238808;24.79;0
D-238809;29.74;8
D-238810;29.74;3
D-238811;26.44;6
D-238812;26.44;5
D-238813;21.48;5
D-238814;24.79;6
D-238815;25.61;2
D-238816;24.79;11
D-238817;24.79;5
D-238818;33.05;6
D-238819;33.05;0
D-238820;21.48;4
D-238821;24.79;5
D-238822;22.31;0
D-238823;25.61;2
D-238824;25.61;12
D-238825;33.88;1
D-238826;29.74;0
D-238827;29.74;0
D-238828;24.79;2
D-238829;23.96;4
D-238830;23.96;1
D-238831;26.44;9
D-238832;26.44;6
D-238835;29.74;0
D-238836;29.74;1
D-238837;26.44;1
D-238838;26.44;2
D-238839;26.44;3
D-238840;26.44;5
D-238841;25.61;6
D-238842;25.61;1
D-238843;27.26;7
D-238844;27.26;4
D-238845;27.26;2
D-238846;27.26;6
D-238847;26.44;1
D-238848;26.44;3
D-238849;26.44;2
D-238850;26.44;2
D-238851;23.13;7
D-238852;23.13;4
D-238853;26.44;1
D-238854;26.44;2
D-238855;26.44;4
D-238856;26.44;3
D-238857;18.17;8
D-238858;18.17;3
D-238859;22.31;3
D-238860;22.31;3
D-238861;22.31;4
D-238862;22.31;2
D-238863;24.79;2
D-238864;24.79;2
D-238865;27.26;4
D-238866;27.26;1
D-238869;27.26;2
D-238870;27.26;1
D-238871;28.92;0
D-238872;28.92;1
D-238873;25.61;2
D-238874;25.61;3
D-238875;31.40;2
D-238876;31.40;3
D-238877;31.40;3
D-238878;31.40;2
D-238879;40.49;2
D-238880;40.49;1
D-238881;45.45;6
D-238882;45.45;4
D-238883;45.45;1
D-238884;45.45;4
D-238885;44.62;2
D-238886;44.62;2
D-238887;47.10;0
D-238888;47.10;10
D-238889;48.75;3
D-238891;47.93;5
D-238892;47.93;2
D-238893;45.45;3
D-238894;45.45;1
D-238895;41.31;4
D-238896;41.31;3
D-238897;42.14;2
D-238898;42.14;2
D-238899;51.23;3
D-238900;51.23;3
D-238901;49.58;1
D-238902;49.58;3
D-238903;56.19;11
D-238904;56.19;3
D-238905;44.62;0
D-238906;39.66;3
D-238907;39.66;1
D-238914;40.49;9
D-238915;40.49;3
D-238938;33.05;4
D-238939;33.05;3
D-238940;33.05;4
D-238941;33.05;1
D-238944;37.18;1
D-238945;37.18;1
D-238946;37.18;2
D-238947;37.18;2
D-238948;37.18;1
D-238949;37.18;2
D-238950;21.48;8
D-238951;21.48;2
D-238952;21.48;5
D-238953;21.48;6
D-238955;25.61;1
D-238956;25.61;1
D-238957;14.04;20
D-238958;11.56;9
D-238959;11.56;6
D-238960;11.56;18
D-238961;11.56;0
D-238962;10.74;10
D-238963;10.74;3
D-238964;10.74;2
D-238965;10.74;0
D-238966;8.26;9
D-238967;8.26;4
D-238968;8.26;17
D-238969;9.91;2
D-238970;9.91;7
D-238971;9.08;3
D-238973;9.91;3
D-238974;9.91;2
D-238975;28.09;7
D-238984;22.31;2
D-238991;22.31;14
D-238992;24.79;10
D-239013;23.13;4
D-239021;37.18;1
D-239022;37.18;3
D-239023;37.18;1
D-239024;37.18;1
D-239025;43.79;2
D-239026;43.79;0
D-239030;10.37;6
D-239031;10.74;7
D-239032;10.74;3
D-239033;9.08;8
D-239034;19.00;1
D-239035;19.00;0
D-239036;19.00;2
D-239037;17.35;2
D-239038;17.35;0
D-239039;24.79;0
D-239040;9.08;5
D-239041;17.35;2
D-239042;17.35;0
D-239043;17.35;2
D-239044;14.87;6
D-239045;18.17;0
D-239046;12.39;10
D-239047;12.39;1
D-239048;12.39;6
D-239049;14.04;8
D-239050;11.56;8
D-239051;10.74;4
D-239052;10.74;7
D-239053;10.74;6
D-239054;7.43;9
D-239055;11.56;4
D-239056;11.56;4
D-239057;10.74;0
D-239086;15.69;7
D-239087;15.69;6
D-239103;25.61;2
D-239104;25.61;1
D-239109;23.96;2
D-239130;10.74;3
D-239132;8.26;2
D-239140;21.48;4
D-239141;21.48;2
D-239143;21.48;2
D-239144;21.48;2
D-239145;23.13;2
D-239146;23.13;4
D-239150;22.31;3
D-239151;22.31;3
D-239154;30.57;9
D-239155;30.57;4
D-239168;28.92;1
D-239169;28.92;1
D-239174;28.92;4
D-239178;11.56;3
D-239179;11.56;6
D-239184;27.26;4
D-239185;27.26;1
D-239192;24.79;2
D-239193;24.79;2
D-239198;8.26;2
D-239200;33.88;1
D-239201;33.88;2
D-239204;28.09;3
D-239205;28.09;1
D-239206;27.26;1
D-239210;15.69;1
D-239211;15.69;4
D-239212;14.04;3
D-239216;24.79;1
D-239217;24.79;2
D-239223;6.60;1
D-239244;17.35;0
D-239261;18.17;1
D-239262;21.48;4
D-239263;16.52;0
D-239264;32.22;0
D-239265;24.79;46
D-239266;29.74;40
D-239267;20.65;50
D-239268;27.26;18
D-239269;16.52;33
D-239270;34.70;17
D-239271;29.74;19
D-239272;32.22;48
D-239273;21.48;50
D-239274;27.26;27
D-239275;24.79;16
D-239276;29.74;35
D-239277;34.70;0
D-239278;37.18;0
D-239279;24.79;18
D-239282;29.74;0
D-239286;29.74;0
D-239287;28.09;0
D-239288;28.09;0
D-239291;38.01;1
D-239292;38.01;9
D-239295;20.65;0
D-239296;20.65;1
D-239299;29.74;5
D-239300;29.74;0
D-239301;23.13;5
D-239302;23.13;7
D-239303;29.74;0
D-239304;29.74;9
D-239305;28.09;0
D-239306;28.09;0
D-239307;27.26;0
D-239308;27.26;2
D-239309;26.44;0
D-239310;26.44;0
D-239311;33.88;0
D-239312;33.88;0
D-239315;19.83;0
D-239316;19.83;0
D-239317;19.00;0
D-239318;19.00;0
D-239319;22.31;4
D-239320;22.31;6
D-239321;27.26;0
D-239322;27.26;0
D-239323;23.13;0
D-239324;23.13;0
D-239325;23.13;0
D-239326;23.13;0
D-239327;22.31;6
D-239328;22.31;7
D-239333;27.26;0
D-239334;27.26;0
D-239347;17.35;6
D-239348;24.79;6
D-239350;7.43;3
D-239351;7.43;5
D-239352;7.43;1
D-239353;7.43;2
D-239373;6.60;50
D-239374;6.60;6
D-239375;6.60;15
D-239426;14.87;2
D-239429;47.10;3
D-239433;25.61;1
D-239434;41.31;0
D-239436;41.31;2
D-239440;24.79;2
D-239441;24.79;5
D-239451;29.74;3
D-239517;11.56;0
D-239518;33.05;1
D-239519;33.05;2
D-239522;9.08;0
D-239523;23.13;3
D-239524;23.13;2
D-239525;26.44;1
D-239526;44.62;3
D-239527;44.62;4
D-239528;47.10;10
D-239529;47.10;7
D-239530;44.62;6
D-239531;44.62;2
D-239532;60.32;7
D-239533;60.32;5
D-239546;14.87;5
D-239547;26.44;6
D-239548;26.44;5
D-239553;20.65;1
D-239559;23.96;5
D-239560;23.96;2
D-239619;21.48;3
D-239651;32.22;4
D-239652;32.22;2
D-239676;11.56;11
D-239694;12.39;5
D-239695;12.39;2
D-239696;18.17;4
D-239736;30.57;1
D-239737;30.57;3
D-239740;24.79;2
D-239741;24.79;1
D-239834;10.74;3
D-239858;12.39;50
D-239859;27.26;2
D-239860;22.31;2
D-239861;24.79;2
D-239862;12.39;41
D-239863;22.31;3
D-239875;30.57;2
D-239882;14.04;2
D-239883;27.26;2
D-239884;27.26;1
D-239885;33.88;1
D-239886;33.88;2
D-239901;34.70;0
D-239902;34.70;20
D-239903;29.74;0
D-239904;29.74;0
D-239905;24.79;5
D-239906;24.79;0
D-239907;22.31;0
D-239908;22.31;0
D-239909;22.31;19
D-239910;22.31;2
D-239911;22.31;0
D-239912;22.31;0
D-239913;22.31;10
D-239914;22.31;0
D-239915;27.26;0
D-239916;27.26;11
D-239917;27.26;10
D-239918;27.26;4
D-239925;22.31;9
D-239926;22.31;5
D-239927;22.31;0
D-239928;22.31;0
D-239984;25.61;2
D-239999;13.21;2
D-240004;15.69;1
D-240005;28.92;2
D-240006;28.92;2
D-240010;22.31;4
D-240011;22.31;4
D-240083;27.26;1
D-240084;27.26;1
D-240086;25.61;1
D-240087;25.61;3
D-240088;25.61;4
D-240089;28.92;3
D-240090;28.92;2
D-240104;26.44;1
D-240105;26.44;1
D-240124;10.74;4
D-240125;10.74;6
D-240126;9.91;3
D-240127;11.56;3
D-240570;26.44;0
D-240571;26.44;2
D-240572;26.44;1
D-240573;26.44;1
D-240574;26.44;1
D-240575;26.44;3
D-240576;26.44;4
D-240577;26.44;3
D-240578;10.74;6
D-240579;10.74;10
D-240580;10.74;7
D-240581;10.74;5
D-240586;29.74;5
D-240587;29.74;2
D-240588;29.74;2
D-240589;29.74;3
D-240590;23.96;5
D-240591;23.96;3
D-240592;23.96;2
D-240607;45.45;0
D-240608;45.45;7
D-240609;45.45;3
D-240610;45.45;2
D-240619;35.53;2
D-240620;35.53;2
D-240621;35.53;2
D-240641;23.96;10
D-240642;23.96;8
D-240643;23.96;3
D-240644;23.96;4
D-240645;23.96;4
D-240646;23.96;6
D-240647;23.96;10
D-240648;23.96;5
D-240649;44.62;10
D-240650;44.62;2
D-241232;36.36;1
D-241354;16.52;49
D-241378;18.17;15
D-241379;16.52;50
D-241401;40.49;3
D-241402;40.49;1
D-241484;173.55;2
D-241485;190.07;1
D-241486;206.60;2
D-241487;223.13;0
D-241488;239.66;2
D-241489;90.90;3
D-241490;90.90;2
D-241491;115.69;2
D-241492;115.69;3
D-241528;22.31;1
D-241590;22.31;2
D-241591;22.31;1
D-241676;35.53;0
D-241677;35.53;2
D-241678;35.53;2
D-241679;35.53;1
D-241680;23.96;4
D-241681;23.96;1
D-241682;23.96;3
D-241687;35.53;3
D-241688;35.53;1
D-241689;35.53;2
D-241845;11.56;2
D-241986;10.74;2
D-241987;37.18;0
D-241988;37.18;0
D-241989;41.31;0
D-241990;41.31;0
D-241999;52.06;20
D-242000;52.06;7
D-242001;56.19;2
D-242002;56.19;2
D-242006;37.18;2
D-242007;37.18;2
D-242008;56.19;1
D-242009;56.19;1
D-242010;49.58;2
D-242011;49.58;2
D-242012;57.84;0
D-242013;57.84;1
D-242018;63.63;0
D-242019;63.63;1
D-242020;63.63;1
D-242023;45.45;1
D-242024;45.45;0
D-242039;32.22;3
D-242040;33.05;0
D-242041;32.22;1
D-242047;12.39;4
D-242048;23.96;0
D-242049;29.74;2
D-242050;33.05;1
D-242052;10.74;3
D-242053;23.96;1
D-242056;27.26;0
D-242057;23.13;0
D-242132;33.05;1
D-242136;9.91;14
D-242137;9.91;14
D-242138;9.91;14
D-242139;9.91;4
D-242158;19.83;16
D-242159;19.83;12
D-242160;18.17;4
D-242161;18.17;7
D-242172;21.48;14
D-242173;21.48;7
D-242180;23.13;1
D-242191;22.31;7
D-242192;22.31;9
D-242193;23.13;0
D-242194;23.13;7
D-242197;28.92;8
D-242198;28.92;10
D-242199;28.92;0
D-242200;28.92;0
D-242209;29.74;6
D-242210;29.74;6
D-242215;23.13;7
D-242216;23.13;2
D-242217;29.74;0
D-242218;29.74;1
D-242220;35.53;7
D-242225;28.92;5
D-242226;28.92;7
D-242232;32.22;3
D-242233;32.22;1
D-242240;37.18;3
D-242241;37.18;2
D-242250;23.13;0
D-242251;23.13;0
D-242252;23.13;0
D-242253;23.13;0
D-242254;23.13;2
D-242255;23.13;0
D-242256;30.57;5
D-242257;30.57;3
D-242258;23.13;0
D-242259;23.13;0
D-242328;26.44;1
D-242329;26.44;2
D-242330;26.44;2
D-242331;26.44;2
D-242332;24.79;1
D-242333;24.79;1
D-242334;24.79;1
D-242335;24.79;1
D-242572;37.18;3
D-242573;37.18;3
D-242574;12.39;4
D-242575;12.39;0
D-242576;12.39;11
D-242577;12.39;4
D-242578;12.39;14
D-242579;12.39;10
D-242580;12.39;13
D-242581;12.39;5
D-242582;47.10;2
D-242583;47.10;3
D-242584;47.10;1
D-242585;47.10;2
D-242586;17.35;9
D-242587;17.35;17
D-242613;26.44;1
D-242622;23.13;8
D-242623;23.13;3
D-242642;28.09;0
D-242643;28.09;5
D-242664;36.36;0
D-242665;36.36;0
D-242668;36.36;9
D-242669;36.36;0
D-242680;22.31;18
D-242681;22.31;9
D-242790;26.44;3
D-242791;26.44;2
D-242948;8.26;7
D-243066;17.35;0
D-243071;6.60;3
D-243072;12.39;9
D-243073;14.04;6
D-243084;14.04;13
D-243085;13.21;4
D-243086;10.74;5
D-243087;10.74;4
D-243088;13.21;7
D-243089;13.21;2
D-243090;13.21;5
D-243092;10.74;9
D-243093;10.74;12
D-243094;10.74;4
D-243095;7.43;7
D-243096;10.74;8
D-243097;17.35;4
D-243777;20.65;3
D-243778;20.65;1
D-243780;46.27;3
D-243781;46.27;2
D-243782;47.93;4
D-243783;47.93;2
D-243921;10.74;7
D-243922;10.74;5
D-243923;10.74;1
D-243924;10.74;2
D-243925;28.92;9
D-243926;28.92;0
D-243927;28.92;4
D-243928;28.92;2
D-243929;9.91;6
D-243930;9.91;5
D-243931;9.91;9
D-243932;9.91;7
D-243933;28.92;6
D-243934;28.92;2
D-243935;28.92;7
D-243936;28.92;0
D-243937;28.92;11
D-243938;28.92;0
D-243939;28.92;9
D-243940;28.92;4
D-243941;10.74;7
D-243942;10.74;3
D-243943;10.74;10
D-243944;10.74;8
D-243945;28.92;5
D-243946;28.92;1
D-244071;8.26;3
D-244077;38.01;3
D-244078;38.01;4
D-244079;38.01;4
D-244080;38.01;4
D-244081;38.01;3
D-244082;38.01;5
D-244083;38.01;2
D-244084;38.01;4
D-244096;9.91;7
D-244097;9.08;43
D-244098;9.08;1
D-244099;9.08;22
D-244100;9.08;13
D-244579;32.22;4
D-244580;32.22;2
D-244581;32.22;2
D-244582;32.22;2
D-244583;32.22;6
D-244584;32.22;6
D-244585;30.57;4
D-244586;30.57;2
D-244587;30.57;2
D-244588;30.57;1
D-244589;30.57;1
D-244590;30.57;2
D-244591;28.92;1
D-244592;28.92;1
D-244593;28.92;2
D-244594;28.92;2
D-244595;30.57;1
D-244596;30.57;2
D-244597;30.57;2
D-244598;30.57;2
D-244599;30.57;3
D-244600;30.57;2
D-244601;33.05;3
D-244602;33.05;1
D-244603;33.05;2
D-244604;33.05;2
D-244605;33.05;4
D-244606;33.05;1
D-244607;28.92;3
D-244608;28.92;1
D-244609;28.92;6
D-244610;28.92;2
D-244611;28.92;2
D-244612;28.92;1
D-244613;28.92;3
D-244614;28.92;2
D-244615;28.92;3
D-244616;28.92;0
D-244617;28.92;1
D-244618;28.92;2
D-244619;28.92;3
D-244620;28.92;2
D-244621;35.53;1
D-244622;35.53;3
D-244623;35.53;4
D-244624;35.53;3
D-244625;35.53;3
D-244626;35.53;3
D-244627;21.48;3
D-244628;21.48;2
D-244629;21.48;2
D-244630;21.48;2
D-244631;21.48;2
D-244632;21.48;1
D-244633;21.48;2
D-244634;21.48;2
D-244635;21.48;4
D-244636;21.48;2
D-244637;32.22;2
D-244638;32.22;2
D-244639;32.22;3
D-244640;32.22;3
D-244641;32.22;4
D-244642;32.22;3
D-244668;18.17;2
D-244669;31.40;3
D-244670;19.00;0
D-244671;19.00;0
D-244680;47.93;5
D-244681;47.93;4
D-244682;47.93;3
D-244683;47.93;1
D-244684;49.58;6
D-244685;49.58;6
D-244686;49.58;3
D-244687;49.58;5
D-244688;27.26;13
D-244689;27.26;5
D-244690;27.26;10
D-244691;27.26;2
D-244737;27.26;0
D-244740;19.00;11
D-244799;6.60;50
D-244800;6.60;35
D-244801;6.60;36
D-244802;6.60;33
D-244803;11.56;12
D-244804;11.56;6
D-244899;34.70;26
D-244900;34.70;12
D-244901;41.31;18
D-244902;41.31;9
D-244903;46.27;18
D-244904;46.27;10
D-244905;40.49;2
D-244906;40.49;1
D-244907;40.49;2
D-244910;14.04;0
D-244911;14.87;5
D-244918;42.14;6
D-244919;36.36;19
D-244920;36.36;5
D-244921;11.56;14
D-244955;12.39;19
D-244956;12.39;1
D-245031;32.22;10
D-245032;32.22;10
D-245033;32.22;5
D-245034;32.22;4
D-245043;36.36;5
D-245044;36.36;3
D-245045;36.36;8
D-245046;36.36;1
D-245051;12.39;22
D-245338;15.69;2
D-245339;19.00;6
D-245340;19.00;8
D-245348;25.61;3
D-245351;22.31;2
D-245359;26.44;0
D-245360;26.44;0
D-245361;26.44;0
D-245362;26.44;2
D-245363;24.79;5
D-245364;24.79;3
D-245365;29.74;12
D-245366;29.74;11
D-245367;29.74;4
D-245368;29.74;7
D-245369;10.74;17
D-245370;10.74;12
D-245371;10.74;8
D-245372;10.74;4
D-245373;10.74;13
D-245374;10.74;10
D-245375;10.74;12
D-245376;10.74;7
D-245502;16.52;4
D-245503;16.52;3
D-245504;16.52;2
D-245505;16.52;4
D-245506;16.52;1
D-245507;12.39;0
D-245508;12.39;0
D-245509;12.39;4
D-245510;12.39;6
D-245632;9.08;14
D-245634;9.08;8
D-245635;9.08;12
D-245637;9.08;5
D-245664;16.52;7
D-245665;16.52;21
D-245666;16.52;7
D-245667;16.52;15
D-245668;16.52;7
D-245924;32.22;5
D-245925;32.22;4
D-245926;32.22;6
D-245927;32.22;4
D-245937;26.44;9
D-245938;26.44;4
D-246179;9.08;0
D-246180;9.08;2
D55-21755;16.49;8
D55-21758;11.56;38
D55-21759;9.05;50
D55-21760;9.05;49
D55-21767;14.83;1
D55-21772;8.26;26
D55-22137;14.83;0
D55-22141;13.21;28
D55-22808;9.05;50
PD4404-23;7.43;50
PD4453-23;13.21;47
1000 BLACK;8.26;18
1001 BLACK;8.26;10
1024 BLACK;12.39;31
1062 BLACK;14.04;11
1063 BLACK;14.87;2
1653 BLACK;12.39;3
1766 BLACK;13.21;14
1767 BLACK;12.39;9
1769 BLACK;12.39;3
1901 BLACK;8.26;50
1901 NUDE;8.26;17
1901Q BLACK;9.91;23
D-202715;9.91;10
D-202716;10.31;3
D-202717;10.31;19
D-202718;10.31;9
D-202723;9.91;0
D-202724;10.31;2
D-202725;9.91;2
D-202726;10.31;3
D-202727;10.31;14
D-202728;10.31;2
D-202731;9.91;43
D-203471;22.34;4
D-203472;22.34;1
D-203483;45.45;3
D-203484;45.45;1
D-203546;24.79;6
D-203547;24.79;0
D-203837;30.94;0
D-203914;30.94;1
D-209155;38.01;4
D-215821;13.18;8
D-216358;9.91;18
D-216359;10.31;2
D-216360;10.31;0
D-216362;10.31;1
D-216363;10.31;11
D-216366;9.91;0
D-216367;10.31;0
D-216368;10.31;0
D-216369;9.91;17
D-216370;10.31;3
D-216373;9.91;25
D-216374;10.31;1
D-216375;10.31;12
D-216376;10.31;6
D-216383;9.91;6
D-216384;10.31;1
D-216385;10.31;17
D-216386;10.31;0
D-216387;10.31;0
D-216388;10.31;0
D-216389;10.31;4
D-216390;10.31;0
D-216391;10.31;9
D-216397;10.31;12
D-216398;10.31;3
D-216399;10.31;3
D-216403;9.91;8
D-216405;10.31;4
D-216408;10.31;20
D-216409;10.31;9
D-216410;10.31;10
D-216411;10.31;0
D-216412;10.31;5
D-216413;10.31;0
D-216420;10.31;5
D-216421;10.31;3
D-216422;10.31;2
D-216437;10.31;0
D-216473;29.74;0
D-216487;19.00;7
D-216516;27.26;4
D-216664;22.31;1
D-216665;22.31;2
D-216733;22.31;1
D-216734;22.31;0
D-216743;22.31;2
D-216744;22.31;1
D-216745;22.31;2
D-216746;22.31;2
D-216781;22.31;2
D-216791;22.31;1
D-216792;22.31;1
D-216817;22.31;4
D-216818;22.31;2
D-218675;25.58;2
D-218676;25.58;1
D-218691;19.00;0
D-218857;52.06;4
D-218858;52.06;1
D-218875;42.14;1
D-218876;42.14;2
D-218879;42.14;2
D-218880;42.14;1
D-218897;82.64;1
D-218898;82.64;2
D-218899;82.64;1
D-218921;104.95;4
D-218922;104.95;2
D-218923;104.95;3
D-218924;104.95;1
D-218925;104.95;2
D-218927;104.95;1
D-218928;104.95;1
D-218946;35.53;1
D-218947;35.53;1
D-218949;35.53;2
D-218951;35.53;1
D-218952;35.53;1
D-218953;35.53;1
D-218954;35.53;0
D-218955;35.53;1
D-218956;35.53;2
D-218957;35.53;2
D-218958;35.53;2
D-218961;35.53;2
D-218962;35.53;1
D-218967;42.14;2
D-218969;42.14;2
D-218979;38.01;2
D-218983;57.81;5
D-218984;57.81;1
D-218990;62.80;1
D-218992;52.06;1
D-218996;52.06;3
D-219030;42.97;1
D-219038;53.71;1
D-219039;53.71;1
D-219040;53.71;1
D-219044;136.36;1
D-219046;136.36;1
D-219056;39.66;1
D-219059;39.66;3
D-219060;39.66;1
D-219061;39.66;1
D-219075;65.28;3
D-219077;65.28;1
D-220247;20.65;1
D-220258;20.65;0
D-220286;28.06;2
D-220560;18.17;0
D-220570;23.13;0
D-220571;23.13;0
D-220581;23.13;0
D-220582;23.13;0
D-220593;24.79;0
D-220594;24.79;4
D-220613;23.13;23
D-220614;23.13;14
D-220622;17.35;0
D-220630;31.40;0
D-220631;31.40;0
D-220662;23.13;0
D-220663;23.13;0
D-220668;29.74;2
D-220669;29.74;3
D-220671;29.74;2
D-220672;29.74;6
D-220697;35.53;0
D-220698;35.53;0
D-220709;23.13;11
D-220710;23.13;9
D-220714;19.83;1
D-220715;19.83;0
D-220725;35.53;7
D-220726;35.53;0
D-220737;28.92;4
D-220738;28.92;0
D-220740;28.92;9
D-220741;28.92;4
D-220757;22.31;0
D-220758;22.31;2
D-220759;24.79;2
D-220769;26.44;0
D-220770;26.44;1
D-220772;25.61;7
D-220773;25.61;0
D-220778;32.22;7
D-220779;32.22;0
D-220781;30.57;0
D-220782;30.57;0
D-220784;28.09;0
D-220785;28.09;0
D-220786;29.74;9
D-220820;31.36;1
D-222250;10.31;3
D-222252;10.31;5
D-222253;10.31;4
D-222255;10.31;9
D-222256;10.31;1
D-222257;10.31;18
D-222258;10.31;3
D-222259;10.31;23
D-222260;10.31;5
D-222274;10.31;3
D-222275;10.31;2
D-222276;10.31;0
D-222283;10.31;9
D-222284;10.31;11
D-222285;10.31;1
D-222286;9.91;39
D-222287;10.31;11
D-222288;10.31;6
D-222289;10.31;2
D-222290;10.31;1
D-222291;9.91;30
D-222292;10.31;5
D-222293;10.31;1
D-222296;10.31;38
D-222297;10.31;4
D-222299;10.31;0
D-222301;10.31;14
D-222302;10.31;0
D-222305;10.31;2
D-222307;10.31;3
D-222308;10.31;4
D-222309;10.31;11
D-222310;10.31;0
D-222311;10.31;0
D-222312;10.31;2
D-222318;10.31;10
D-222319;10.31;9
D-222320;10.31;4
D-222321;10.31;15
D-222322;10.31;2
D-222323;10.31;0
D-222324;10.31;0
D-222325;10.31;5
D-222327;10.31;5
D-222328;10.31;1
D-222329;10.31;1
D-222330;10.31;10
D-222331;10.31;0
D-222336;10.31;0
D-222337;10.31;2
D-222338;10.31;2
D-222444;32.31;0
D-222445;32.31;0
D-222489;22.31;7
D-222490;22.31;0
D-222497;35.53;4
D-222498;35.53;1
D-222515;29.88;3
D-222516;29.88;1
D-222519;31.40;2
D-222520;31.40;1
D-222535;34.07;1
D-222536;34.07;1
D-222553;29.78;6
D-222554;29.78;2
D-222559;18.17;50
D-222561;29.28;1
D-222562;29.28;0
D-222567;34.07;0
D-222568;34.07;5
D-222581;22.31;4
D-222583;22.31;2
D-222601;35.63;0
D-222602;35.63;6
D-222679;10.31;0
D-222681;10.31;2
D-222977;28.88;2
D-225560;10.31;25
D-225561;10.31;6
D-225563;10.31;6
D-225564;10.31;3
D-225565;10.31;2
D-225566;10.31;1
D-225567;10.31;1
D-225570;10.31;1
D-225571;10.31;7
D-225572;10.31;7
D-225573;10.31;2
D-225575;10.31;29
D-225576;10.31;3
D-225577;10.31;2
D-225704;38.01;1
D-226806;27.56;2
D-226807;27.56;1
D-226808;31.72;3
D-226809;31.72;2
D-226814;30.57;1
D-226820;19.83;1
D-226821;19.83;1
D-226822;21.63;3
D-226823;21.63;1
D-226824;25.61;1
D-226825;25.61;2
D-226936;25.61;1
D-226959;56.19;2
D-226963;47.93;2
D-226968;87.60;1
D-226969;87.60;2
D-227372;10.21;19
D-227373;10.21;0
D-227374;10.21;4
D-227375;10.21;6
D-227376;10.21;5
D-227378;10.21;5
D-227381;10.21;4
D-227382;10.21;3
D-227383;10.21;6
D-227384;10.21;0
D-227386;10.21;0
D-227387;10.21;0
D-227388;10.21;0
D-227389;10.21;0
D-227390;10.21;1
D-227391;10.21;4
D-227392;10.21;0
D-227393;10.21;0
D-227394;10.21;0
D-227487;12.36;5
D-227495;12.36;4
D-227497;12.36;2
D-227690;22.31;1
D-227691;22.31;6
D-227692;22.31;14
D-227873;28.88;2
D-227874;28.88;2
D-227875;28.88;1
D-227876;28.88;2
D-227877;28.88;3
D-227878;28.88;2
D-227879;28.88;2
D-227890;28.88;2
D-228314;28.88;2
D-228321;28.88;1
D-228373;15.69;6
D-228375;16.52;0
D-228382;27.26;1
D-228392;34.67;0
D-228403;17.35;4
D-228409;19.83;0
D-228417;22.31;3
D-228419;22.31;1
D-228631;39.66;1
D-228664;10.21;3
D-228665;10.21;1
D-228666;10.21;1
D-228667;10.21;13
D-228668;10.21;6
D-228669;10.21;3
D-228673;10.21;3
D-228674;10.21;3
D-228675;10.21;3
D-228676;10.21;3
D-228677;10.21;5
D-228678;10.21;3
D-228700;27.26;1
D-228701;27.26;0
D-229091;16.49;6
D-229092;16.49;11
D-229147;20.65;1
D-229150;23.13;1
D-229151;28.92;0
D-229653;57.02;1
D-229654;57.02;1
D-229701;42.97;2
D-229989;47.10;2
D-229990;47.10;1
D-230544;29.74;1
D-231064;20.65;0
D-231065;20.65;0
D-231358;15.69;5
D-231370;15.69;0
D-231371;19.83;5
D-231375;36.36;1
D-231380;20.65;2
D-231448;12.36;0
D-232867;30.57;3
D-232869;27.26;3
D-232875;23.13;1
D-232876;27.26;0
D-232877;27.26;1
D-232878;24.79;2
D-232882;28.09;3
D-232883;24.79;4
D-232884;24.79;6
D-232886;45.45;0
D-232887;45.45;1
D-232888;45.45;1
D-232889;45.45;0
D-232890;45.45;0
D-232891;45.45;1
D-236085;28.88;4
D-236086;28.88;1
D-236087;28.88;0
D-236097;28.88;3
D-236098;28.88;2
D-236099;28.88;2
D-236100;24.75;1
D-236101;24.75;5
D-236102;24.75;3
D-236115;26.44;2
D-236116;26.44;1
D-236117;26.44;1
D-236118;26.44;4
D-236119;26.44;3
D-236120;26.44;1
D-236121;26.44;6
D-236122;26.44;2
D-236123;26.44;2
D-236124;23.93;4
D-236125;23.93;3
D-236130;23.93;2
D-236131;23.93;4
D-236132;23.93;1
D-236138;24.75;2
D-236139;23.93;2
D-236140;23.93;2
D-236141;23.93;2
D-236143;23.93;3
D-236145;23.10;2
D-236146;23.10;1
D-236147;23.10;2
D-236273;22.31;2
D-236274;22.31;1
D-236352;9.91;15
D-236353;9.91;7
D-236354;9.91;4
D-236358;9.91;2
D-236359;9.91;2
D-236360;9.91;0
D-236361;9.91;3
D-236362;9.91;1
D-236363;9.91;3
D-236364;9.91;8
D-236365;9.91;4
D-236366;9.91;4
D-236367;9.91;25
D-236368;9.91;4
D-236369;9.91;6
D-236370;9.91;0
D-236371;9.91;3
D-236372;9.91;2
D-236373;9.91;9
D-236374;9.91;10
D-236375;9.91;3
D-236376;9.05;3
D-236377;9.05;5
D-236378;9.05;2
D-236379;9.05;5
D-236380;9.05;2
D-236381;9.05;8
D-236382;9.05;9
D-236383;9.05;3
D-236384;9.05;6
D-236385;9.05;9
D-236386;9.05;9
D-236387;9.05;2
D-236388;9.05;5
D-236389;9.05;1
D-236390;9.05;4
D-237705;15.69;14
D-237706;12.39;6
D-237711;14.87;7
D-237713;14.87;11
D-237715;13.21;14
D-237716;12.39;0
D-237717;12.39;2
D-237718;14.04;11
D-237720;15.69;2
D-237722;14.04;3
D-237723;13.21;7
D-237726;19.83;4
D-237735;19.00;0
D-237740;26.44;3
D-237741;28.09;2
D-237742;28.09;2
D-238367;33.05;1
D-238368;33.05;1
D-238611;22.31;6
D-238612;22.31;6
D-238634;19.83;1
D-238635;22.31;1
D-238637;23.96;3
D-238638;31.40;0
D-238639;31.40;2
D-238640;31.40;1
D-238672;36.36;2
D-238916;36.36;5
D-238917;36.36;4
D-238918;36.36;10
D-238919;36.36;0
D-238922;36.36;4
D-238923;36.36;4
D-238924;37.18;2
D-238925;37.18;2
D-238926;37.18;2
D-238927;35.53;2
D-238928;35.53;2
D-238929;31.40;5
D-238930;31.40;2
D-238931;31.40;1
D-238934;47.10;3
D-238935;47.10;2
D-238936;27.26;11
D-238937;27.26;3
D-238993;24.79;0
D-238994;24.79;3
D-238995;24.79;10
D-238996;24.79;3
D-238997;28.09;0
D-238999;33.05;0
D-239000;33.05;4
D-239001;33.05;9
D-239002;33.05;6
D-239003;33.88;6
D-239004;33.88;4
D-239005;33.88;10
D-239006;33.88;7
D-239007;23.96;3
D-239008;23.96;3
D-239009;29.74;6
D-239010;29.74;6
D-239011;32.22;19
D-239012;32.22;2
D-239017;26.44;6
D-239018;26.44;4
D-239019;29.74;11
D-239020;29.74;6
D-239065;33.05;2
D-239066;26.44;6
D-239067;26.44;1
D-239068;24.79;5
D-239069;24.79;5
D-239070;23.96;3
D-239071;28.92;2
D-239072;28.09;4
D-239073;28.09;6
D-239074;24.79;2
D-239075;24.79;2
D-239076;25.61;0
D-239077;15.69;1
D-239078;23.13;6
D-239079;26.44;4
D-239080;26.44;0
D-239081;26.44;3
D-239082;23.13;7
D-239083;17.35;3
D-239084;21.48;1
D-239085;28.92;3
D-239088;29.74;4
D-239089;29.74;4
D-239100;17.35;7
D-239101;19.00;4
D-239102;19.00;1
D-239107;22.31;2
D-239116;12.39;3
D-239117;30.57;2
D-239125;42.14;1
D-239142;14.04;3
D-239147;14.87;1
D-239163;25.61;1
D-239170;37.18;3
D-239171;37.18;2
D-239180;8.26;2
D-239187;13.21;4
D-239194;28.09;5
D-239195;28.09;3
D-239196;46.27;1
D-239197;46.27;1
D-239199;13.21;7
D-239209;26.44;1
D-239225;24.79;1
D-239226;24.79;1
D-239229;26.44;1
D-239230;26.44;1
D-239283;15.69;5
D-239293;23.13;14
D-239294;23.13;9
D-239297;20.65;0
D-239298;20.65;0
D-239313;29.74;15
D-239314;29.74;4
D-239329;27.26;0
D-239330;27.26;0
D-239331;24.79;0
D-239332;24.79;1
D-239349;28.09;3
D-239427;33.05;1
D-239437;29.74;2
D-239438;37.18;2
D-239443;23.13;1
D-239445;30.57;1
D-239446;24.79;0
D-239503;15.69;5
D-239504;14.87;5
D-239505;14.87;2
D-239507;14.87;4
D-239534;17.35;6
D-239620;15.69;3
D-239621;12.39;9
D-239622;13.21;32
D-239623;13.21;44
D-239624;13.21;6
D-239626;13.21;11
D-239627;13.21;6
D-239688;42.14;4
D-239689;42.14;3
D-239690;42.14;4
D-239691;42.14;2
D-239692;42.14;3
D-239693;42.14;3
D-239701;22.31;1
D-239702;22.31;4
D-239703;22.31;0
D-239704;22.31;2
D-239705;22.31;5
D-239706;22.31;1
D-239707;22.31;0
D-239708;22.31;5
D-239709;19.00;7
D-239710;19.00;0
D-239711;26.44;8
D-239712;26.44;2
D-239713;26.44;12
D-239714;26.44;6
D-239715;26.44;7
D-239716;26.44;7
D-239717;26.44;9
D-239718;26.44;2
D-239719;24.79;8
D-239720;39.66;5
D-239721;39.66;5
D-239722;39.66;1
D-239723;39.66;5
D-239734;30.57;5
D-239735;30.57;4
D-239738;33.88;2
D-239739;33.88;2
D-239830;33.05;15
D-239831;26.44;2
D-239832;26.44;4
D-239833;28.92;1
D-239877;19.83;0
D-239878;19.83;4
D-239899;24.79;0
D-239900;24.79;10
D-239919;24.79;3
D-239920;24.79;0
D-240097;30.57;5
D-240098;30.57;3
D-240099;30.57;2
D-240100;30.57;2
D-240102;21.48;3
D-240112;49.58;2
D-240113;49.58;0
D-240114;49.58;1
D-240115;49.58;1
D-240116;49.58;2
D-240117;23.96;2
D-240118;23.96;1
D-240562;32.22;6
D-240563;32.22;5
D-240564;32.22;1
D-240565;32.22;2
D-240566;32.22;1
D-240567;32.22;4
D-240568;32.22;8
D-240569;32.22;2
D-240582;37.18;0
D-240583;37.18;2
D-240584;37.18;3
D-240585;37.18;2
D-240594;35.53;5
D-240595;35.53;5
D-240596;35.53;1
D-240597;35.53;2
D-240598;35.53;2
D-240599;35.53;3
D-240600;35.53;1
D-240601;35.53;1
D-240602;19.00;4
D-240603;35.53;2
D-240604;35.53;3
D-240605;35.53;2
D-240606;35.53;2
D-240611;39.66;2
D-240612;39.66;3
D-240613;39.66;2
D-240614;39.66;2
D-240615;33.05;4
D-240616;33.05;3
D-240617;33.05;1
D-240618;33.05;3
D-240626;35.53;2
D-240627;35.53;2
D-240628;35.53;0
D-240629;36.36;1
D-240630;36.36;3
D-240631;36.36;2
D-240632;36.36;2
D-240633;36.36;3
D-240634;36.36;0
D-240635;36.36;1
D-240636;36.36;4
D-240637;36.36;1
D-240638;36.36;1
D-240639;36.36;2
D-240640;36.36;3
D-240651;23.13;4
D-240652;23.13;8
D-240653;23.13;5
D-240654;23.13;1
D-241229;28.92;2
D-241230;28.92;4
D-241318;10.74;15
D-241319;10.74;6
D-241321;12.39;6
D-241324;12.39;10
D-241325;12.39;5
D-241326;14.87;18
D-241327;10.74;7
D-241328;12.39;20
D-241329;16.52;13
D-241331;12.39;15
D-241332;12.39;7
D-241333;18.17;18
D-241334;10.74;0
D-241335;10.74;12
D-241336;10.74;15
D-241337;11.56;20
D-241338;11.56;0
D-241339;12.39;7
D-241340;10.74;0
D-241341;10.74;0
D-241342;12.39;50
D-241343;11.56;21
D-241344;14.87;10
D-241345;14.87;19
D-241346;14.87;17
D-241347;16.52;18
D-241348;16.52;6
D-241349;18.17;7
D-241350;12.39;0
D-241351;14.87;10
D-241352;14.87;14
D-241353;12.39;0
D-241355;12.39;0
D-241356;12.39;18
D-241358;16.52;8
D-241362;16.52;3
D-241363;10.74;7
D-241364;10.74;0
D-241365;10.74;13
D-241366;24.79;14
D-241367;24.79;14
D-241372;16.52;24
D-241373;14.87;20
D-241374;14.87;27
D-241375;10.74;16
D-241376;10.74;17
D-241377;10.74;18
D-241381;16.52;50
D-241383;12.39;33
D-241384;18.17;50
D-241385;12.39;35
D-241386;16.52;18
D-241387;16.52;10
D-241388;18.17;1
D-241390;18.17;20
D-241391;12.39;33
D-241392;12.39;49
D-241394;12.39;50
D-241395;14.87;49
D-241396;14.87;19
D-241397;41.31;5
D-241398;41.31;3
D-241399;41.31;2
D-241403;39.66;5
D-241404;39.66;4
D-241405;39.66;4
D-241526;28.92;2
D-241527;28.92;1
D-241530;33.05;3
D-241531;32.22;3
D-241532;32.22;2
D-241584;27.26;2
D-241585;27.26;1
D-241586;27.26;4
D-241587;27.26;3
D-241588;27.26;2
D-241589;27.26;1
D-241674;28.09;1
D-241675;33.99;2
D-241683;32.22;4
D-241684;32.22;5
D-241685;32.22;2
D-241686;32.22;0
D-241690;38.83;1
D-241691;38.83;5
D-241692;38.83;2
D-241693;38.83;0
D-241702;12.99;11
D-241703;12.99;5
D-241704;12.99;2
D-241705;12.99;7
D-241706;12.99;0
D-241707;12.99;2
D-241708;12.99;6
D-241709;12.99;4
D-241710;12.99;2
D-241711;12.99;0
D-241712;12.99;2
D-241713;12.99;3
D-241714;12.99;5
D-241715;12.99;5
D-241716;12.99;4
D-241717;12.99;12
D-241718;12.99;10
D-241719;12.99;3
D-241758;41.31;2
D-241759;41.31;3
D-241760;41.31;1
D-241761;41.31;10
D-241762;41.31;10
D-241763;41.31;5
D-241841;9.91;5
D-241842;9.91;5
D-241991;32.22;0
D-241996;23.13;2
D-242027;32.22;0
D-242030;32.22;4
D-242035;29.74;1
D-242036;24.79;0
D-242044;32.22;0
D-242121;35.53;1
D-242122;35.53;1
D-242123;26.44;2
D-242124;26.44;2
D-242128;33.88;1
D-242141;14.87;2
D-242148;27.26;8
D-242149;27.26;8
D-242150;27.26;6
D-242151;27.26;8
D-242152;29.74;0
D-242153;29.74;3
D-242154;29.74;7
D-242155;29.74;8
D-242162;28.92;16
D-242163;28.92;16
D-242164;28.92;9
D-242165;28.92;23
D-242166;22.31;17
D-242167;22.31;14
D-242168;22.31;19
D-242169;22.31;24
D-242170;21.48;16
D-242171;21.48;20
D-242174;29.74;18
D-242175;29.74;4
D-242176;29.74;7
D-242177;29.74;5
D-242178;24.79;0
D-242179;24.79;0
D-242181;22.31;0
D-242182;22.31;16
D-242183;21.48;1
D-242185;21.48;6
D-242187;29.74;4
D-242188;29.74;6
D-242195;22.31;8
D-242196;22.31;5
D-242201;23.13;0
D-242202;23.13;5
D-242203;23.13;20
D-242204;23.13;0
D-242205;28.92;8
D-242206;28.92;12
D-242207;28.92;7
D-242208;28.92;9
D-242211;23.13;0
D-242212;23.13;6
D-242213;30.57;12
D-242214;30.57;6
D-242219;35.53;0
D-242221;35.53;0
D-242222;35.53;0
D-242223;23.13;1
D-242224;23.13;2
D-242236;44.62;2
D-242237;44.62;1
D-242242;42.97;0
D-242243;42.97;2
D-242244;37.18;1
D-242245;37.18;1
D-242246;47.93;4
D-242247;47.93;1
D-242248;44.62;1
D-242249;44.62;2
D-242308;37.18;2
D-242309;37.18;3
D-242312;28.92;4
D-242313;28.92;2
D-242314;36.36;2
D-242316;22.31;6
D-242317;22.31;6
D-242318;22.31;0
D-242319;22.31;3
D-242320;32.22;4
D-242321;32.22;2
D-242322;32.22;3
D-242323;32.22;3
D-242324;33.88;0
D-242325;33.88;1
D-242326;33.88;5
D-242327;33.88;1
D-242336;33.88;6
D-242337;33.88;5
D-242338;33.88;5
D-242339;33.88;6
D-242340;33.88;5
D-242341;33.88;1
D-242568;31.40;6
D-242569;31.40;4
D-242570;31.40;5
D-242571;31.40;3
D-242614;28.09;1
D-242616;30.57;1
D-242617;30.57;2
D-242618;35.53;10
D-242619;35.53;4
D-242620;35.53;8
D-242621;35.53;4
D-242624;28.09;2
D-242625;28.09;3
D-242626;28.09;9
D-242627;28.09;4
D-242640;19.00;19
D-242641;19.00;10
D-242644;34.70;18
D-242645;34.70;5
D-242646;34.70;0
D-242647;34.70;0
D-242648;33.88;16
D-242649;33.88;32
D-242650;33.88;9
D-242651;33.88;23
D-242652;34.70;3
D-242653;34.70;6
D-242654;34.70;16
D-242655;34.70;4
D-242656;22.31;0
D-242657;22.31;13
D-242658;22.31;4
D-242659;22.31;0
D-242660;22.31;0
D-242661;22.31;0
D-242662;22.31;0
D-242663;22.31;4
D-242666;24.79;19
D-242667;24.79;11
D-242670;28.09;13
D-242671;28.09;18
D-242672;28.09;2
D-242673;28.09;0
D-242674;36.36;29
D-242675;36.36;7
D-242676;36.36;16
D-242677;36.36;11
D-242678;24.79;14
D-242679;24.79;2
D-242758;39.66;8
D-242759;39.66;6
D-242760;39.66;6
D-242761;38.01;3
D-242762;38.01;8
D-242763;38.01;5
D-242764;38.01;4
D-242765;38.01;3
D-242766;38.01;7
D-242767;38.01;3
D-242768;38.01;3
D-242792;24.79;2
D-242794;20.65;1
D-242795;20.65;2
D-242911;32.22;7
D-242912;32.22;0
D-242913;32.22;5
D-242914;32.22;4
D-242917;22.31;22
D-242918;22.31;11
D-242919;28.92;46
D-242920;28.92;24
D-242921;28.09;18
D-242922;28.09;6
D-242923;34.70;12
D-242924;34.70;17
D-242925;34.70;37
D-242926;34.70;7
D-242927;28.09;41
D-242928;28.09;29
D-242929;32.22;2
D-242930;32.22;10
D-242931;29.74;8
D-242932;29.74;0
D-242933;29.74;30
D-242934;29.74;10
D-242935;34.70;6
D-242936;34.70;0
D-242937;34.70;7
D-242938;34.70;5
D-242949;5.78;38
D-243067;15.69;2
D-243068;15.69;4
D-243069;19.00;5
D-243070;14.87;5
D-243074;29.74;0
D-243075;29.74;2
D-243076;22.31;0
D-243080;31.40;0
D-243081;31.40;1
D-243082;27.26;3
D-243083;27.26;1
D-243091;13.21;2
D-243779;31.40;1
D-243784;47.93;4
D-243785;47.93;1
D-243786;47.93;1
D-243787;47.93;2
D-243788;47.93;1
D-243789;47.93;1
D-243790;38.83;0
D-243791;38.83;3
D-243792;38.83;3
D-243793;38.83;1
D-243794;38.83;4
D-243795;38.83;4
D-243796;38.83;5
D-243797;38.83;5
D-243798;14.87;9
D-243799;14.87;6
D-243800;45.99;4
D-243801;45.99;4
D-243802;45.99;3
D-243803;45.99;3
D-243804;41.31;4
D-243805;41.31;2
D-243806;41.31;2
D-243807;41.31;3
D-243947;9.91;15
D-243948;9.91;2
D-243949;9.91;2
D-243950;9.91;5
D-243951;9.91;2
D-243952;9.91;2
D-243953;9.91;6
D-243954;9.91;2
D-243955;9.91;2
D-243956;9.91;2
D-243957;9.91;3
D-243958;9.91;4
D-243959;9.91;0
D-243960;9.91;0
D-243961;9.91;0
D-243962;9.91;3
D-243963;9.91;4
D-243964;9.91;3
D-243965;9.91;4
D-243966;9.91;4
D-243967;9.91;4
D-243968;9.91;5
D-243969;9.91;0
D-243970;9.91;8
D-244072;22.31;2
D-244073;22.31;1
D-244074;22.31;6
D-244075;22.31;1
D-244076;22.31;3
D-244085;28.09;6
D-244086;28.09;0
D-244087;28.09;1
D-244088;28.09;1
D-244089;28.92;4
D-244090;28.92;5
D-244091;28.92;3
D-244092;28.92;4
D-244093;24.79;9
D-244094;24.79;0
D-244095;24.79;3
D-244692;38.01;4
D-244693;38.01;8
D-244694;38.01;3
D-244695;38.01;5
D-244696;24.79;7
D-244697;24.79;11
D-244698;24.79;13
D-244699;24.79;4
D-244700;24.79;8
D-244701;24.79;3
D-244702;24.79;6
D-244703;24.79;6
D-244725;18.17;3
D-244726;18.17;4
D-244728;28.09;2
D-244729;24.79;0
D-244730;25.61;0
D-244731;25.61;0
D-244732;37.18;0
D-244733;37.18;7
D-244734;25.61;0
D-244735;33.88;3
D-244736;33.88;0
D-244738;44.62;0
D-244739;35.53;0
D-244741;17.35;19
D-244797;30.57;3
D-244798;30.57;8
D-244805;35.53;5
D-244806;35.53;6
D-244807;35.53;6
D-244808;35.53;4
D-244809;35.53;7
D-244810;35.53;9
D-244811;35.53;4
D-244812;35.53;7
D-244908;45.45;0
D-244909;45.45;2
D-245035;28.92;5
D-245036;28.92;5
D-245037;28.92;5
D-245038;28.92;6
D-245039;28.92;5
D-245040;28.92;6
D-245041;28.92;7
D-245042;28.92;4
D-245047;36.36;9
D-245048;36.36;8
D-245049;36.36;8
D-245050;36.36;2
D-245337;19.00;3
D-245341;24.79;0
D-245342;33.05;0
D-245346;27.26;2
D-245347;27.26;5
D-245350;30.57;3
D-245354;23.13;6
D-245355;23.13;10
D-245356;17.35;6
D-245357;20.65;0
D-245358;20.65;0
D-245377;44.62;9
D-245378;44.62;7
D-245379;44.62;6
D-245380;44.62;8
D-245381;44.62;0
D-245382;44.62;9
D-245383;44.62;8
D-245384;44.62;3
D-245605;9.91;18
D-245606;9.91;21
D-245607;9.91;22
D-245608;9.91;9
D-245610;9.91;10
D-245611;9.91;12
D-245613;9.91;10
D-245614;9.91;11
D-245616;9.91;0
D-245617;9.91;9
D-245619;9.91;10
D-245620;9.91;12
D-245622;9.91;4
D-245623;9.91;19
D-245625;9.91;0
D-245626;9.91;13
D-245628;9.91;0
D-245629;9.08;12
D-245631;9.08;8
D-245928;35.53;4
D-245929;35.53;6
D-245930;35.53;4
D-245931;35.53;4
D-245932;38.01;4
D-245933;38.01;0
D-245934;38.01;4
D-245935;38.01;4
D-245936;17.35;4
D-236709;6.60;0
D-236710;6.60;10
D-236711;7.43;0
D-241807;4.12;1
D-241816;4.12;4
D-245389;2.47;0
D-245390;2.47;5
D-236719;9.91;2
D-236720;9.91;2
D-236721;9.91;0
D-236722;9.91;0
D-236753;9.91;2
D-236757;9.91;4
D-236760;9.91;2
D-236761;9.91;0
D-236762;9.91;0
D-236763;9.91;2
D-236764;9.91;0
D-236765;9.91;0
D-236766;9.91;0
D-236767;9.91;2
D-236768;9.91;2
D-236769;9.91;0
D-236770;9.91;4
D-243988;9.92;0
D-243993;9.92;0
D-212070;24.79;0
D-213897;8.22;2
D-215766;8.22;0
D-215768;8.22;0
D-215769;8.22;10
D-215779;12.36;15
D-215780;16.49;26
D-215781;12.36;12
D-215782;12.36;5
D-215783;12.36;9
D-215784;16.49;34
D-215787;12.36;2
D-215792;16.49;1
D-227806;20.62;13
D-227808;20.62;4
D-227827;37.15;1
D-227828;37.15;0
D-227829;37.15;4
D-227830;37.15;3
D-227831;37.15;3
D-227832;37.15;3
D-227833;20.62;1
D-227834;20.62;0
D-227835;20.62;1
D-227840;20.62;3
D-227841;20.62;2
D-227850;20.62;6
D-227851;20.62;2
D-227853;20.62;3
D-227854;20.62;0
D-227855;20.62;3
D-227856;20.62;3
D-227857;20.62;2
D-228821;16.49;4
D-231174;20.62;0
D-234888;8.22;1
D-245478;21.48;1
D-245479;21.48;0
D-245480;10.74;9
D-245481;10.74;0
D-245482;20.65;0
D-245483;20.65;4
D-245484;37.18;3
D-245485;37.18;4
D-245486;37.18;4
D-245487;37.18;1
D-245488;37.18;1
D-245489;37.18;1
D-245490;37.18;1
D-245491;37.18;2
D-245511;20.65;2
D-245512;20.65;2
D-245513;20.65;2
D-245514;20.65;1
D-245515;20.65;2
D-245516;20.65;2
D-245517;20.65;2
D-245518;20.65;2
D-245519;16.49;2
D-245520;16.49;2
D-245521;16.49;2
D-245522;16.49;2
D-245523;24.99;2
D-245524;24.99;2
D-245525;24.99;2
D-245526;24.99;2
D-228306;20.62;1
D-228307;20.62;2
D-228308;20.62;2
D-228309;20.62;2
D-228310;20.62;1
D-228311;20.62;0
D-228312;20.62;2
D-228313;20.62;1
D-228315;20.62;1
D-228320;20.62;2
D-227891;20.62;1
D-227892;20.62;4
D-227893;20.62;1
D-227894;20.62;2
D-227895;20.62;2
D-227896;20.62;8
D-227897;20.62;2
D-227898;20.62;0
D-227899;20.62;1
D-227900;20.62;2
D-227911;20.62;2
D-227912;20.62;2
D-227913;20.62;2
D-227914;20.62;1
D-227915;20.62;2
D-227916;20.62;1
D-227917;20.62;1
D-227918;20.62;1
D-228318;20.62;1
D-228319;20.62;1
D-237730;24.79;0
D-237736;26.44;3
D-238632;19.83;1
D-238633;19.83;0
D-238649;28.92;2
D-238976;26.44;0
D-238977;39.66;5
D-238978;39.66;2
D-238979;26.44;4
D-238980;26.44;4
D-238981;24.79;5
D-238985;28.92;1
D-238986;28.09;3
D-238987;28.09;1
D-238988;32.22;5
D-238990;32.22;2
D-239058;38.83;3
D-239059;38.83;3
D-239060;38.83;4
D-239061;24.79;1
D-239062;24.79;1
D-239063;40.49;2
D-239064;24.79;1
D-239432;23.13;2
D-239449;24.79;0
D-239450;24.79;2
D-241357;16.52;16
D-241369;10.74;4
D-241370;10.74;0
D-241371;10.74;36
D-241382;12.39;10
D-241389;16.52;50
D-241393;12.39;37
D-242238;35.53;3
D-242239;35.53;1
D-243077;32.22;2
D-243078;23.96;3
D-243079;25.61;2
D-244727;25.61;11
D-245343;32.22;1
D-245344;28.92;3
D-245345;28.92;3
D-245349;27.26;6
D-245352;25.61;0
D-245353;31.40;2
D-230253;4.12;0
D-230255;4.12;0
D-232556;8.22;2
D-232558;8.22;8
D-244555;23.07;2
D-244556;25.95;4
D-244558;86.53;12
D-194196;32.68;50
D-194227;32.68;50
D-194240;7.64;50
D-194268;2.47;50
D-194269;6.60;50
D-194270;4.12;11
D-194272;10.74;43
D-194273;8.26;20
D-194277;9.08;28
D-194278;13.21;3
D-194279;9.08;50
D-194280;13.21;4
D-194282;9.91;50
D-194283;9.91;50
D-194973;3.84;50
D-194976;49.99;50
D-194979;52.84;28
D-194980;5.76;33
D-194982;9.61;50
D-194985;13.45;50
D-194987;6.72;50
D-194988;11.53;45
D-195236;13.45;50
D-195462;2.88;50
D-195467;11.53;50
D-196004;2.47;27
D-196564;12.39;9
D-197835;31.40;29
D-197836;31.40;1
D-197837;31.40;50
D-197932;31.40;36
D-202781;11.53;24
D-202785;16.34;13
D-202787;14.41;50
D-202788;24.95;14
D-202790;3.84;50
D-202792;10.57;50
D-202793;19.22;1
D-203161;4.95;50
D-203979;9.91;26
D-208161;15.38;50
D-208301;15.38;50
D-208304;52.84;50
D-208338;20.18;18
D-208340;23.07;0
D-208342;24.99;8
D-211713;19.22;50
D-211714;9.61;50
D-211756;14.41;50
D-211861;8.26;0
D-211898;9.91;50
D-214089;7.68;50
D-215001;7.68;50
D-215002;9.61;50
D-215004;5.76;50
D-216259;33.64;50
D-219528;26.91;0
D-220926;9.08;9
D-222263;8.64;50
D-223197;9.91;50
D-225475;2.88;8
D-225476;5.76;50
D-225478;25.91;11
D-225479;2.88;50
D-225480;28.80;2
D-225481;2.88;50
D-225482;5.76;0
D-225483;28.80;8
D-225484;2.88;50
D-225485;6.68;50
D-225488;33.61;18
D-225490;2.88;50
D-225491;6.68;50
D-225494;2.88;50
D-225495;8.61;50
D-225496;2.88;50
D-225497;6.68;50
D-225498;33.61;10
D-225499;9.57;50
D-225582;8.61;50
D-225583;25.91;0
D-225585;4.80;50
D-225586;10.53;46
D-226611;25.91;4
D-227008;9.91;50
D-227009;9.91;50
D-227183;28.80;4
D-228814;4.95;24
D-228890;18.26;13
D-228903;18.26;8
D-228907;1.91;0
D-228908;5.76;19
D-229605;9.91;10
D-231052;10.57;12
D-231053;13.45;9
D-231063;3.84;50
D-231287;25.91;7
D-231326;7.43;4
D-231778;7.43;6
D-232084;28.80;1
D-232770;8.64;50
D-232771;8.64;45
D-232772;6.72;50
D-232784;31.40;17
D-235829;25.91;0
D-236434;28.80;12
D-236436;25.91;7
D-236437;33.61;10
D-236438;25.91;4
D-236439;25.91;16
D-236440;25.91;24
D-236441;28.80;15
D-236442;33.61;17
D-236443;33.61;6
D-236444;51.88;2
D-236445;52.84;3
D-236446;25.91;13
D-236447;28.80;0
D-236479;28.80;12
D-236480;28.80;13
D-240533;51.88;22
D-241824;38.45;4
D-242228;22.11;0
D-243099;14.41;50
D-243338;13.41;50
D-243339;13.41;50
D-243340;13.41;50
D-243341;13.41;50
D-243342;13.41;50
D-244023;6.72;25
D-244024;14.41;50
D-244025;26.91;25
D-244120;26.91;0
D-244121;3.84;50
D-244392;13.45;0
D-244393;8.64;0
D-244394;4.80;11
D-244395;8.64;10
D-244396;4.80;29
D-244397;8.64;50
D-244398;4.80;50
D-244399;13.45;26
D-244400;8.64;10
D-244401;4.80;42
D-244402;13.45;0
D-244403;8.64;50
D-244404;4.80;50
D-244405;8.64;3
D-244406;4.80;38
D-244407;13.45;5
D-244408;8.64;7
D-244409;4.80;1
D-244410;8.64;31
D-244411;4.80;50
D-244412;13.45;32
D-244413;8.64;11
D-244414;4.80;11
D-244418;4.80;50
D-244419;8.64;0
D-244577;26.91;0
D-244643;5.76;50
D-246229;51.88;11
D-246230;9.61;45
D-194271;7.43;17
D-194989;8.64;46
D-196003;9.08;50
D-202794;52.84;50
D-215961;19.22;50
D-215962;5.76;50
D-215963;33.64;50
D-225492;2.88;50
D-225493;7.68;0
D-228841;33.61;14
D-228842;28.80;1
D-228854;4.12;0
D-228855;11.56;0
D-228856;25.61;0
D-228857;4.12;0
D-228858;11.56;0
D-228859;25.61;0
D-228861;4.12;0
D-228862;11.56;0
D-228863;25.61;0
D-228864;4.12;0
D-228865;11.56;0
D-228866;25.61;0
D-228867;4.12;0
D-228868;11.56;0
D-228869;25.61;0
D-228870;4.12;0
D-228871;11.56;0
D-228872;25.61;0
D-228873;4.12;0
D-228874;11.56;0
D-228875;25.61;0
D-228876;4.12;0
D-228877;11.56;0
D-228878;25.61;0
D-228879;4.12;0
D-228880;11.56;0
D-228881;25.61;0
D-230185;8.26;50
D-231051;10.57;50
D-233558;52.88;0
D-233559;52.88;0
D-233560;52.88;0
D-233561;52.88;0
D-233562;52.88;0
D-233563;52.88;0
D-233564;52.88;0
D-233565;52.88;0
D-233566;52.88;0
D-233567;12.49;0
D-233568;12.49;0
D-233569;12.49;0
D-233570;12.49;0
D-233571;12.49;0
D-233572;12.49;0
D-233573;12.49;0
D-233574;24.03;0
D-233575;24.03;0
D-233576;24.03;0
D-233577;24.03;0
D-233578;24.03;0
D-233579;24.03;0
D-233580;24.03;0
D-236435;38.41;10
D-242269;9.61;50
D-242270;9.61;50
D-242271;9.61;35
D-242272;9.61;50
D-242273;9.61;50
D-242275;9.61;50
D-242276;9.61;0
D-242277;9.61;50
D-242278;9.61;50
D-242279;9.61;50
D-242280;9.61;50
D-242281;9.61;50
D-242282;9.61;50
D-242283;24.99;34
D-242284;24.99;42
D-242285;24.99;48
D-242286;24.99;14
D-242287;24.99;50
D-242288;24.99;0
D-242289;24.99;29
D-242298;48.07;5
D-242299;48.07;10
D-242300;48.07;17
D-242301;48.07;13
D-242302;48.07;49
D-242303;48.07;11
D-242304;48.07;20
D-244391;14.41;50
D-244415;13.45;43
D-244416;8.64;18
D-244417;4.80;32
D-244576;14.41;50
D-244851;5.76;50
D-205364;45.41;1
D-210483;19.83;13
D-216035;12.39;50
D-216036;12.39;50
D-216038;12.39;50
D-218452;23.93;0
D-218453;23.93;18
D-219244;4.12;1
D-219246;4.12;50
D-219261;8.22;0
D-220139;8.22;50
D-220140;8.22;0
D-220141;8.22;50
D-220150;12.39;50
D-221133;28.88;50
D-222050;10.70;50
D-222051;9.88;50
D-223995;28.09;0
D-227614;12.36;20
D-230308;6.60;20
D23-194171;6.60;0
D23-194172;6.60;0
D-233029;4.12;50
D-234327;27.23;39
D-234772;15.69;50
D-234773;12.39;20
D-234774;12.39;10
D-234778;15.69;50
D-234779;12.39;50
D-234780;15.69;50
D-235753;40.49;30
D-236431;189.25;2
D-236432;189.25;8
D-243809;7.43;24
D-244857;14.87;0
D-245888;13.21;27
PD4642-23;19.00;0
PD4657-23;23.96;14
PD4775-23;54.54;3
D-218840;20.62;8
D-218841;21.45;8
D-219111;22.27;9
D-219160;23.93;15
D-219173;26.44;50
D-219178;37.15;7
D-220349;53.68;7
D-223297;28.09;1
D-226632;61.15;22
D-228508;48.75;1
D-228734;29.74;7
D-228737;29.74;0
D-228738;31.40;0
D-229331;34.70;1
D-231048;28.92;0
D-236560;115.69;6
D-237025;41.31;0
D-237026;41.31;14
D-242807;61.94;3
D-245196;33.05;0
PD3666-23;39.66;1
PD4666-23;61.98;4
PD4667-23;29.74;0
PD4668-23;33.05;6
PD4778-23;48.75;2
D-223213;19.00;12
D-223214;19.00;3
D-223623;25.61;1
D-225016;22.31;4
D-236199;19.83;50
D-239412;50.41;3
D-239413;50.41;0
D-242468;20.65;19
D-242469;20.65;0
D-242910;24.79;50
PD3740-23;17.35;39
PD4662-23;20.65;15
D-211500;33.05;50
D-216588;41.28;15
D-216589;28.88;14
D-216590;33.02;36
D-216614;33.02;41
D31-22615;28.88;50
D31-22616;28.92;39
D31-22618;29.74;33
D31-22619;28.88;24
D31-22753;6.60;50
D-194015;21.48;50
D-194016;26.44;50
D-214871;15.69;50
D-218460;20.62;50
D-218748;23.96;24
D-220165;20.62;50
D-222077;12.36;0
D-223626;30.57;0
D-223627;30.57;0
D-223631;30.57;2
D-227159;32.22;13
D-227170;32.22;2
D-229179;17.35;2
D-229181;17.35;0
D-230867;24.75;50
D-235818;49.55;2
D-236535;42.97;2
D-237007;18.17;0
D-237391;59.50;10
D-237577;42.97;0
D-238403;17.35;3
D-241733;49.58;12
D-242727;42.97;0
D-246200;45.45;11
D-246345;9.08;2
PD3788-21;54.54;9
PD3790-21;9.91;6
PD3791-20;9.91;2
RD 180;752.06;2
RD 182;414.87;1
RD 240;34.70;3
RD283-23;39.66;0
RD 286;34.70;4
RD423;9.08;21
RD505;45.45;11
RD522;19.83;5
RD534;193.38;1
D-205159;33.02;0
D-205213;26.44;0
D-205215;33.02;0
D-211765;33.02;0
D-214849;70.21;6
D-214850;66.11;39
D-214852;64.45;41
D-214853;61.98;37
D-214856;61.98;32
D-214857;61.98;0
D-214858;53.71;4
D-214865;67.76;7
D-214866;53.71;0
RD533;238.01;2
D-149119;19.83;29
D-195899;15.69;50
D-199984;26.44;32
D-205209;30.54;22
D-207336;205.78;11
D-211738;19.83;50
D-211739;19.83;27
D-211762;15.69;0
D-211763;15.69;50
D-211764;33.02;25
D-211766;33.02;6
D-211773;12.39;50
D-212050;12.39;30
D-214854;21.45;0
D-214867;14.87;50
D-214870;13.21;50
D-214872;13.21;50
D-214885;16.52;0
D-214886;10.74;25
D-218459;20.62;50
D-218698;12.36;9
D-218699;13.18;50
D-218740;12.36;0
D-218741;12.36;9
D-218742;12.36;22
D-218743;12.36;42
D-220242;28.92;11
D-220244;28.92;21
D-220345;28.92;8
D22-149122;26.44;50
D22-149123;21.48;50
D-222079;12.36;50
D-223160;57.84;15
D-223161;70.24;0
D-223162;70.24;6
D-223163;84.29;2
D-223164;103.30;4
D-223165;280.16;1
D-223166;355.36;3
D-223167;94.21;0
D-223168;110.74;5
D-223169;234.70;4
D-223170;204.12;1
D-223171;234.70;1
D-223172;248.75;2
D-223174;103.30;3
D-223624;30.57;0
D-223625;30.57;0
D-223628;30.57;1
D-223630;30.57;0
D-225069;107.43;2
D-225226;8.26;24
D-228482;26.44;46
D-228483;26.44;0
D-228484;26.44;35
D-228485;282.64;2
D-228486;282.64;3
D-228487;282.64;0
D-228493;123.96;1
D-228494;123.96;4
D-228497;21.48;27
D-228500;26.44;1
D-229182;17.35;2
D-229184;17.35;3
D-230590;21.48;30
D-230593;22.31;3
D-230866;24.75;50
D-230869;28.92;50
D-232597;33.02;50
D-233050;16.52;6
D-233051;16.52;1
D-233052;16.52;0
D-233053;16.52;3
D-233401;20.65;50
D-233402;20.65;50
D-233403;20.65;50
D-233404;20.65;50
D-233405;15.69;50
D-233406;15.69;50
D-233407;15.69;50
D-235833;41.31;0
D-235834;41.31;0
D-235835;45.45;0
D-235837;45.45;2
D-235838;45.45;3
D-235840;45.45;1
D-235841;45.45;0
D-235842;45.45;1
D-235845;45.45;0
D-235846;45.45;1
D-235847;14.87;0
D-235848;14.87;0
D-235849;14.87;3
D-235850;14.87;1
D-235851;14.87;0
D-235852;14.87;10
D-235853;14.87;0
D-235854;16.52;0
D-236534;36.36;16
D-236536;26.44;8
D-236602;132.22;3
D-236603;266.11;5
D-236604;264.45;1
D-236605;266.11;6
D-236609;309.08;2
D-236610;289.25;3
D-236611;53.71;5
D-236612;49.58;6
D-236613;49.58;5
D-236614;49.58;6
D-236654;16.52;7
D-236981;14.04;18
D-237390;14.04;0
D-238740;15.69;50
D-238741;15.69;50
D-238742;15.69;50
D-238743;15.69;50
D-238744;15.69;42
D-238749;20.65;0
D-238750;20.65;0
D-239785;9.88;50
D-239791;9.88;50
D-239841;57.84;5
D-239842;49.58;0
D-239843;49.58;12
D-241408;57.84;12
D-241409;57.84;12
D-241449;41.31;0
D-241450;41.31;0
D-241451;45.45;2
D-241452;45.45;6
D-241509;74.37;9
D-241510;74.37;11
D-241511;272.72;1
D-241512;57.84;7
D-241513;57.84;12
D-241514;61.98;7
D-241515;57.84;6
D-241522;49.58;13
D-242442;19.83;50
D-242443;19.00;48
D-242444;19.00;50
D-242445;19.83;0
D-242446;19.83;0
D-242447;19.83;0
D-242726;41.28;0
D-243021;18.17;9
D-243848;107.43;0
D-243849;48.75;0
D-243850;112.39;0
D-243851;205.37;11
D-243852;157.02;27
D-243854;19.83;9
D-243858;132.23;0
D-243860;212.39;0
D-243862;112.39;15
D-244822;32.19;50
D-244823;32.19;50
D-244826;37.60;0
D-244827;45.04;50
D-245132;66.07;4
D-245133;57.81;10
D-245539;126.44;0
D-245946;19.83;0
D-245947;19.83;0
D-245948;16.52;0
D-245960;25.61;0
D-245961;25.61;0
D-245970;22.31;21
D-245982;247.93;1
D-245983;193.38;1
D-246185;56.19;1
D-246186;287.60;2
D-246187;132.22;5
D-246188;45.45;8
D-246202;53.71;9
D-246206;74.37;9
D-246211;82.64;5
D-246335;57.84;1
D-246344;9.08;5
D-246347;57.84;3
RD 174;570.24;8
RD 17423;530.57;2
RD 181;353.71;1
RD 200;115.69;0
RD 201;140.49;4
RD 222;28.09;11
RD 259;335.53;4
RD292;79.33;5
RD422;9.08;2
RD619-21;287.60;4
D-194017;21.48;50
D-194018;26.44;43
D-197717;37.15;12
D-205208;12.39;20
D-218461;20.62;50
D-222078;12.36;50
D-223629;30.57;2
D-226787;123.96;35
D-228499;26.44;0
D-230182;19.00;50
D-230386;66.07;50
D-230868;24.75;50
D-235816;106.60;11
D-235817;57.81;2
D-236533;36.36;2
D-239458;42.97;0
D-239459;50.41;17
D-239460;50.41;22
D-239461;61.15;13
D-240541;45.45;0
D-240542;41.31;0
D-240547;49.58;17
D-241175;72.72;50
D-241176;59.50;36
D-241407;49.58;7
D-241753;98.34;15
D-244821;22.27;50
D-246271;57.84;0
D-246322;49.58;2
D-246346;9.08;15
RD 17901;353.71;3
RD 17902;353.71;12
RD421;23.13;18
RD504;45.45;10
RD507;77.68;5
RD508;87.60;9
RD510;109.08;22
RD523;19.83;22
D-196293;53.68;6
D-212609;123.13;10
D-219980;51.23;3
D-219990;66.07;15
D-224002;68.59;2
D-224020;82.64;0
D-225318;41.28;50
D-226785;89.25;23
D-226786;142.14;22
D-226996;41.28;50
D-227152;131.40;9
D-227157;123.13;10
D-227158;127.26;4
D-228524;178.50;2
D-229300;57.81;50
D-229301;41.28;35
D-229927;74.37;26
D-230025;66.07;50
D-230326;66.07;50
D-230385;66.07;50
D-230707;14.04;7
D-230708;16.52;9
D-230838;189.25;0
D-231136;16.49;8
D-232185;57.81;10
D-232655;255.36;1
D-232930;71.03;25
D-233015;66.07;0
D-233016;66.07;13
D-233129;71.03;15
D-234718;33.05;16
D-234760;41.28;0
D-234761;33.02;0
D-235604;57.81;50
D-235605;57.81;0
D-235815;57.81;30
D-236034;98.34;0
D-236573;137.18;10
D-236574;123.96;17
D-236577;221.48;27
D-236579;132.22;23
D-236580;26.44;7
D-236582;123.96;9
D-236583;140.49;7
D-236584;132.22;9
D-236663;57.81;14
D-236664;66.07;0
D-237951;21.48;20
D-238069;31.40;3
D-238070;28.92;0
D-239513;90.91;50
D-240509;205.78;6
D-240510;205.78;2
D-240511;205.78;6
D-240512;205.78;3
D-240519;82.64;0
D-241523;45.45;9
D-241556;41.28;28
D-241932;74.37;6
D-242115;41.31;12
D-242491;22.31;0
D-242711;59.50;10
D-242715;62.80;31
D-242818;164.45;10
D-242819;164.45;13
D-244060;77.68;5
D-244274;45.45;25
D-244275;45.45;35
D-244530;205.78;18
D-244531;164.45;7
D-244532;214.04;2
D-244847;70.24;6
D-245125;41.28;50
D-245126;41.28;50
D-245135;106.60;0
D-245136;106.60;0
D-245137;106.60;0
D-245212;66.11;2
D-245220;66.07;0
D-245247;51.23;0
D-245252;57.84;0
D-245879;28.92;36
D-245945;34.70;6
D-245955;82.64;0
D-245956;82.64;0
D-245959;82.64;0
D-246190;90.90;5
D-246192;148.75;5
D-246194;148.75;6
D-246195;148.75;6
D-246201;148.75;0
D-246342;107.43;3
D-246343;107.43;1
RD 294;115.69;4
RD 297;206.60;0
RD298;185.12;13
RD299;185.12;6
RD526;87.60;16
RD532;169.41;6
RD549-20;115.69;10
RD550-23;148.75;11
RD553-23;132.22;5
D-207039;50.41;0
D-207047;110.74;11
D-207059;22.31;47
D-211169;57.84;0
D-211724;34.70;19
D-211914;28.92;26
D-213237;45.41;50
D-218546;53.71;50
D-220016;28.92;0
D-221064;37.15;0
D-223876;71.03;0
D-223877;71.03;0
D-225377;54.54;50
D-225378;54.54;50
D-228454;28.88;50
D-228455;28.88;50
D-230387;109.88;0
D-232426;66.07;9
D-232964;43.76;10
D-232965;43.76;28
D-233259;59.50;15
D-234392;54.54;0
D-234630;57.84;0
D-234637;98.34;0
D-235520;107.43;0
D-235757;22.27;0
D-235760;23.93;4
D-237397;45.45;0
D-237398;45.45;8
D-237399;45.45;0
D-237604;71.03;4
D-237605;71.03;0
D-237606;76.82;9
D-237608;76.82;0
D-237787;61.98;12
D-241410;23.96;3
D-241411;23.96;1
D-241443;71.89;2
D-241461;38.83;3
D-241462;46.27;1
D-241463;46.27;1
D-241464;48.75;1
D-241465;48.75;0
D-242479;26.44;0
D-242521;81.81;0
D-243819;76.02;1
D-244012;70.21;22
D-244013;70.21;14
D-244293;52.88;47
D-244294;52.88;38
D-244444;65.28;0
D-244445;65.28;10
D-244492;57.84;5
D-244529;41.28;50
D-244536;164.45;21
D-244537;164.45;8
D-244538;164.45;8
D-244715;37.98;50
D-244963;22.31;19
D-244964;22.31;18
D-244965;22.31;39
D-244966;22.31;23
D-245869;33.05;17
D-245871;33.05;0
D-246240;57.84;0
PD3027-23;22.31;2
PD4940-12;54.54;6
D-195896;51.23;14
D-221311;37.18;50
D-223370;55.33;0
D-223371;55.33;19
D-223372;55.33;50
D-227090;53.71;0
D-227612;37.18;50
D-227613;37.18;50
D-228130;45.41;50
D-228835;71.03;0
D-228837;71.03;0
D-229243;66.90;38
D-229245;66.90;0
D-231258;164.45;5
D-231259;164.45;5
D-232589;74.34;50
D-232591;74.34;50
D-232592;74.34;50
D-233011;57.81;12
D-237990;38.01;11
D-237991;38.01;2
D-237992;36.36;10
D-237993;36.36;10
D-238125;73.55;0
D-238126;73.55;3
D-238369;57.84;0
D-242088;49.55;50
D-243386;38.01;50
D-244442;73.55;8
D-244443;73.55;24
D-244462;34.70;50
D-244468;35.53;50
D-244484;39.66;50
D-244486;46.27;0
D-244487;49.55;0
D-244717;37.15;50
D-244818;41.31;50
D-244819;45.41;50
D-245680;189.25;7
D-245681;189.25;14
D-245682;189.25;18
D-245683;98.34;13
D-245684;98.34;11
D-245685;98.34;13
D-245876;45.45;45
D-213517;10.70;50
D-215142;55.33;0
D-215144;62.77;11
D-218446;55.33;50
D-218451;55.33;0
D-224083;62.77;10
D-224084;62.77;46
D-225030;33.02;50
D-225031;33.02;50
D-225032;33.02;50
D-226764;62.77;0
D-227252;28.92;18
D-230638;35.53;50
D-230639;35.53;50
D-230640;35.53;50
D-230697;51.20;32
D-230780;101.61;0
D-231045;34.70;14
D-231147;47.07;0
D-231148;47.07;0
D-231149;47.07;0
D-231191;57.81;0
D-231193;57.81;0
D-231295;43.76;0
D-231384;49.55;0
D-231385;49.55;11
D-231423;39.63;14
D-231424;39.63;3
D-231776;47.07;20
D-231777;47.07;32
D-231782;39.63;27
D-231783;39.63;47
D-231808;39.63;50
D-231809;39.63;11
D-232082;61.94;0
D-232083;61.94;0
D-232177;38.80;0
D-232178;38.80;0
D-232179;37.15;0
D-232180;37.15;0
D-232447;41.28;34
D-232470;49.55;0
D-232471;49.55;4
D-232745;47.07;0
D-232746;47.07;16
D-232787;45.41;25
D-232788;45.41;41
D-232789;45.41;24
D-232790;44.59;24
D-232791;44.59;40
D-232792;44.59;17
D-232922;37.15;1
D-232923;37.15;0
D-233014;57.81;24
D-234526;43.76;0
D-234623;66.11;0
D-234624;61.98;0
D-234625;53.71;3
D-234627;41.31;5
D-235017;47.07;20
D-235018;47.07;0
D-235680;164.45;1
D-235681;164.45;0
D-235682;164.45;0
D-235683;172.72;14
D-235684;172.72;11
D-235685;172.72;4
D-235686;172.72;5
D-235687;172.72;23
D-235858;41.28;50
D-235859;41.28;50
D-236071;42.93;50
D-236482;57.81;50
D-236571;128.09;3
D-236653;181.81;3
D-237095;57.84;3
D-237956;41.31;0
D-237957;41.31;0
D-237959;38.83;0
D-237960;38.83;0
D-237961;37.18;16
D-237963;42.97;8
D-237964;51.23;5
D-237965;52.88;7
D-237966;38.83;0
D-237967;44.62;12
D-237969;52.88;8
D-237970;44.62;8
D-238117;81.81;11
D-238118;81.81;21
D-238120;81.81;10
D-238143;51.20;0
D-238285;29.74;50
D-239772;41.31;50
D-241214;52.85;27
D-241216;39.63;13
D-241218;52.02;33
D-241228;52.02;30
D-241448;71.07;3
D-241458;38.01;1
D-241521;148.75;1
D-241549;45.41;26
D-241868;34.70;0
D-244223;30.57;50
D-244224;30.57;8
D-244225;31.40;50
D-244228;30.57;42
D-244229;31.40;37
D-244230;30.57;15
D-244231;30.57;33
D-244234;30.57;18
D-244235;30.57;50
D-244236;31.40;31
D-244237;31.40;50
D-244238;33.05;6
D-244241;33.05;15
D-244242;33.05;50
D-244311;59.50;0
D-244313;59.50;0
D-244314;71.07;0
D-244315;60.32;0
D-244316;60.32;0
D-244317;60.32;0
D-244318;60.32;0
D-244464;38.83;50
D-245086;37.18;16
D-245094;131.40;0
D-245095;131.40;0
D-245096;131.40;8
D-245097;180.98;3
D-245098;180.98;6
D-245099;180.98;0
D-245100;106.60;11
D-245101;106.60;7
D-245102;106.60;13
D-245103;172.72;3
D-245104;172.72;6
D-245105;172.72;6
D-245245;14.87;50
D-245246;14.87;50
D-245858;41.31;50
D-245859;41.31;24
D-245863;41.31;50
D-245865;49.58;50
D-245867;41.31;50
D-245868;41.31;50
D-245872;33.05;32
D-245873;28.92;28
D-246182;90.90;6
D-246231;41.31;0
D-246249;51.23;2
D-246266;41.31;48
PD4920-12;19.83;0
D-201697;20.65;50
D-223841;13.21;50
D-227371;16.49;5
D-234996;23.96;36
D-239949;9.91;14
D-239950;9.91;17
D-239951;9.91;16
D-242804;12.39;2
D-242805;12.39;4
D-242806;12.39;7
D-195228;28.88;29
D-199236;14.01;50
D-199237;14.01;50
D-201489;20.65;50
D-218843;28.88;50
D-235016;57.02;20
D-242798;12.39;2
D-242799;12.39;1
D-242800;12.39;1
D-242801;12.39;3
D-242802;12.39;8
D-242803;12.39;5
D-196477;24.75;41
D-196479;16.49;36
D-196482;16.49;35
D-201452;14.04;50
D-201481;23.96;5
D-201488;20.65;50
D-201696;20.65;50
D-201699;14.04;50
D-205435;20.65;16
D-210115;82.64;5
D-210118;82.64;2
D-211141;28.88;7
D-211142;33.02;16
D-211144;16.49;29
D-211145;16.49;13
D-212452;7.40;45
D-213220;20.62;50
D-213986;13.21;50
D-213996;20.65;50
D-213997;20.65;50
D-215546;20.65;50
D-223833;23.13;22
D-224137;24.79;41
D-224139;24.79;11
D-234987;44.62;12
D-234988;44.62;0
D-234991;23.96;0
D-234992;23.96;47
D-234995;23.96;12
D-234997;41.31;50
D-235008;19.83;48
D-236164;13.21;24
D-237001;24.79;50
D-238303;44.62;0
D-239873;24.75;1
D-240014;23.13;50
D-240016;14.87;50
D-240017;18.17;50
D-240021;22.31;28
D-240022;27.26;17
D-240024;27.26;50
D-240027;23.96;50
D-240029;28.92;50
D-240030;24.79;0
D-240033;20.65;0
D-240035;27.26;50
D-240037;21.48;11
D-240039;21.48;12
D-240041;23.13;23
D-240042;27.26;24
D-240044;27.26;8
D-240046;3.30;36
D-240049;3.30;13
D-240052;4.12;50
D-240055;4.12;44
D-240057;4.12;28
D-240058;4.12;50
D-240061;4.12;34
D-240063;4.12;50
D-240065;4.12;50
D-240067;4.12;50
D-240069;4.12;50
D-240070;4.12;50
D-240072;4.12;27
D-241542;12.39;25
D-242609;23.96;14
D-242610;13.21;21
D-242611;10.74;3
D-242629;57.84;50
D-242769;5.78;50
D-242770;5.78;50
D-244124;27.26;49
D-244126;4.12;50
D-244128;23.13;31
D-244130;4.12;50
D-244940;21.48;38
D-244942;19.83;4
D-244944;3.30;26
D-244946;3.30;36
D-245323;33.05;10
D-245325;24.79;10
D-245329;41.31;10
D-245330;41.31;10
D-245331;41.31;12
D-245332;41.31;5
D52-TE16XY;7.43;50
D-196476;24.75;50
D-196478;16.49;50
D-196481;16.49;50
D-201451;14.04;41
D-201480;23.96;50
D-201695;20.65;50
D-205277;20.65;24
D-210116;82.64;3
D-210117;82.64;4
D-211143;33.02;3
D-211146;41.28;20
D-212451;7.40;32
D-213998;20.65;50
D-223305;24.75;50
D-223834;23.13;12
D-224138;24.79;7
D-234989;44.62;33
D-234990;44.62;10
D-234993;23.96;19
D-234994;23.96;30
D-235005;44.62;5
D-235007;44.62;6
D-235012;19.83;45
D-235014;19.83;7
D-236163;13.21;50
D-236999;24.79;50
D-237000;24.79;50
D-238304;44.62;10
D-240015;23.13;50
D-240018;14.87;10
D-240019;18.17;50
D-240020;22.31;7
D-240023;27.26;25
D-240025;27.26;50
D-240026;23.96;20
D-240028;28.92;29
D-240031;24.79;50
D-240032;20.65;39
D-240034;27.26;50
D-240036;21.48;28
D-240038;21.48;36
D-240040;23.13;50
D-240043;27.26;31
D-240045;27.26;46
D-240047;3.30;50
D-240048;3.30;50
D-240051;4.12;50
D-240053;4.12;50
D-240054;4.12;50
D-240056;4.12;50
D-240059;4.12;50
D-240060;4.12;50
D-240062;4.12;50
D-240064;4.12;50
D-240066;4.12;45
D-240068;4.12;50
D-240071;4.12;50
D-240073;4.12;50
D-241541;12.39;45
D-242603;23.96;12
D-242604;13.21;26
D-242605;10.74;24
D-242606;23.96;20
D-242607;13.21;50
D-242608;10.74;17
D-244125;27.26;50
D-244127;4.12;50
D-244129;23.13;20
D-244131;4.12;50
D-244748;18.17;0
D-244749;28.09;37
D-244750;28.09;24
D-244751;24.79;45
D-244752;24.79;46
D-244941;21.48;50
D-244943;19.83;50
D-244945;3.30;50
D-244947;3.30;50
D-245322;41.31;0
D-245324;33.05;12
D-245326;24.79;16
D-245328;20.65;50
D-245333;41.31;9
D-245334;41.31;6
D-245335;41.31;2
D-245336;41.31;7
D-245917;28.92;14
D-245918;3.30;50
D-245919;27.26;0
D-245920;3.30;50
D52-TE09XX;18.17;35
D52-TE16XX;7.43;50
D-242688;6.57;7
D-242689;6.57;13
D-243105;4.95;21
D-243106;4.95;19
D-243107;4.95;22
D-243108;4.95;43
D-243109;4.95;20
D-243110;4.95;19
D-243111;4.95;20
D-243112;4.95;23
D-243113;4.95;20
D-243114;4.95;20
D-243115;4.95;21
D-243116;4.95;20
D-243117;4.95;41
D-243118;4.95;22
D-243119;4.95;42
D-243120;4.95;20
D-243121;4.95;43
D-243122;4.95;23
D-243123;4.95;19
D-243124;4.95;20
D-243125;4.95;20
D-243126;4.95;22
D-243127;4.95;35
D-243128;4.95;21
D-243129;4.95;21
D-243130;4.95;28
D-243131;4.95;21
D-243132;4.95;21
D-243133;4.95;23
D-243134;4.95;23
D-243135;4.95;24
D-243136;4.95;21
D-243137;4.95;13
D-243138;4.95;21
D-243139;4.95;22
D-243140;4.95;22
D-243141;4.95;17
D-243142;4.95;21
D-243143;4.95;19
D-243144;4.95;21
D-243145;4.95;17
D-243146;4.95;23
D-243147;4.95;20
D-243148;4.95;18
D-243149;4.95;24
D-243150;4.95;24
D-243151;4.95;42
D-243152;4.95;23
D-243153;4.95;20
D-243154;4.95;23
D-243155;4.95;20
D-243156;4.95;8
D-243157;4.95;21
D-243158;4.95;24
D-243159;4.95;17
D-243160;4.95;21
D-243161;4.95;23
D-243162;4.95;15
D-243163;4.95;13
D-243164;4.95;23
D-243165;4.95;24
D-243166;4.95;23
D-243167;4.95;24
D-243168;4.95;21
D-243169;4.95;23
D-243170;4.95;24
D-243171;4.95;16
D-243172;4.95;15
D-243173;4.95;32
D-243174;4.95;24
D-243175;4.95;21
D-243176;4.95;23
D-243177;4.95;21
D-243178;4.95;24
D-243179;4.95;22
D-243180;4.95;21
D-243181;4.95;20
D-243182;4.95;17
D-243183;4.95;41
D-243184;4.95;35
D-243185;4.95;27
D-243186;4.95;23
D-243187;4.95;23
D-243188;4.95;29
D-243189;4.95;21
D-243190;4.95;41
D-243191;4.95;14
D-243192;4.95;21
D-243193;4.95;21
D-243194;4.95;21
D-243195;4.95;21
D-243196;4.95;46
D-243197;4.95;24
D-243198;4.95;23
D-243199;4.95;24
D-243200;4.95;21
D-243201;4.95;21
D-243202;4.95;20
D-243203;4.95;22
D-243204;4.95;21
D-243205;4.95;22
D-243206;4.95;34
D-243207;4.95;21
D-243208;4.95;21
D-243209;4.95;21
D-243210;4.95;23
D-243211;4.95;19
D-243212;4.95;42
D-243213;4.95;21
D-243214;4.95;21
D-243215;4.95;22
D-243216;4.95;11
D-243217;4.95;23
D-243218;4.95;18
D-243219;4.95;29
D-243220;4.95;21
D-243221;4.95;21
D-243222;4.95;18
D-243223;4.95;18
D-243224;4.95;21
D-243225;4.95;24
D-243226;4.95;21
D-243227;4.95;20
D-243228;4.95;21
D-243229;4.95;24
D-243230;4.95;21
D-243231;4.95;20
D-243232;4.95;21
D-243233;4.95;21
D-243234;4.95;21
D-243235;4.95;44
D-243236;4.95;10
D-243237;4.95;21
D-243238;4.95;38
D-243239;4.95;24
D-243240;4.95;15
D-243241;4.95;50
D-243242;4.95;38
D-243243;4.95;13
D-243244;4.95;18
D-243245;4.95;18
D-243246;4.95;18
D-243247;4.95;14
D-243248;4.95;20
D-243249;4.95;24
D-243250;4.95;24
D-243251;4.95;15
D-243252;4.95;31
D-243253;4.95;28
D-243254;4.95;12
D-243255;4.95;23
D-243256;4.95;21
D-243257;4.95;23
D-243258;4.95;22
D-243259;4.95;24
D-243260;4.95;21
D-243261;4.95;21
D-243262;4.95;21
D-243263;4.95;23
D-243264;4.95;9
D-243265;4.95;18
D-243266;4.95;32
D-243267;4.95;19
D-243268;4.95;23
D-243269;4.95;20
D-243270;4.95;21
D-243271;4.95;3
D-243272;4.95;21
D-243273;4.95;19
D-243274;4.95;16
D-243275;4.95;18
D-243276;4.95;17
D-243277;4.95;19
D-243278;4.95;21
D-243279;4.95;19
D-243280;4.95;37
D-243281;4.95;20
D-243282;4.95;21
D-243283;4.95;21
D-243284;4.95;21
D-243285;4.95;21
D-243286;4.95;20
D-243287;5.78;9
D-243288;5.78;9
D-243289;5.78;9
D-243290;5.78;9
D-243291;5.78;9
D-243292;5.78;9
D-243293;5.78;3
D-243294;5.78;4
D-243295;5.78;7
D-243296;5.78;9
D-243297;5.78;8
D-243298;5.78;9
D-243299;5.78;7
D-243300;5.78;9
D-243301;5.78;9
D-243302;5.78;17
D-243303;5.78;8
D-243304;5.78;7
D-243305;5.78;9
D-243306;5.78;9
D-243307;5.78;4
D-243308;5.78;14
D-243309;5.78;7
D-243310;5.78;8
D-243311;5.78;8
D-243312;5.78;8
D-243313;5.78;9
D-243314;5.78;20
D-243315;5.78;9
D-243316;5.78;1
D-243317;5.78;8
D-243318;5.78;9
D-243319;5.78;9
D-243320;5.78;9
D-243321;5.78;9
D-243322;5.78;9
D-243323;5.78;14
D-243324;5.78;7
D-243325;5.78;9
D-243326;5.78;8
D-243327;5.78;9
D-243328;5.78;15
D-243329;5.78;6
D-243330;5.78;6
D-243331;5.78;5
D-243332;5.78;7
D-243333;5.78;27
D-244557;25.95;10
D-244563;25.95;3
